Image no,Image name,Year,Month,Day,Date
1,LT05_120035_19840507.tif,1984,5,7,1984/5/7
2,LT05_120035_19840827.tif,1984,8,27,1984/8/27
3,LT05_120035_19841030.tif,1984,10,30,1984/10/30
4,LT05_120035_19850323.tif,1985,3,23,1985/3/23
5,LT05_120035_19850408.tif,1985,4,8,1985/4/8
6,LT05_120035_19850713.tif,1985,7,13,1985/7/13
7,LT05_120035_19851102.tif,1985,11,2,1985/11/2
8,LT05_120035_19860121.tif,1986,1,21,1986/1/21
9,LT05_120035_19860206.tif,1986,2,6,1986/2/6
10,LT05_120035_19860310.tif,1986,3,10,1986/3/10
11,LT05_120035_19860326.tif,1986,3,26,1986/3/26
12,LT05_120035_19860411.tif,1986,4,11,1986/4/11
13,LT05_120035_19860427.tif,1986,4,27,1986/4/27
14,LT05_120035_19860513.tif,1986,5,13,1986/5/13
15,LT05_120035_19860902.tif,1986,9,2,1986/9/2
16,LT05_120035_19860918.tif,1986,9,18,1986/9/18
17,LT05_120035_19861004.tif,1986,10,4,1986/10/4
18,LT05_120035_19861105.tif,1986,11,5,1986/11/5
19,LT05_120035_19861207.tif,1986,12,7,1986/12/7
20,LT05_120035_19861223.tif,1986,12,23,1986/12/23
21,LT05_120035_19870108.tif,1987,1,8,1987/1/8
22,LT05_120035_19870124.tif,1987,1,24,1987/1/24
23,LT05_120035_19870225.tif,1987,2,25,1987/2/25
24,LT05_120035_19870313.tif,1987,3,13,1987/3/13
25,LT05_120035_19871007.tif,1987,10,7,1987/10/7
26,LT05_120035_19871108.tif,1987,11,8,1987/11/8
27,LT05_120035_19871210.tif,1987,12,10,1987/12/10
28,LT05_120035_19871226.tif,1987,12,26,1987/12/26
29,LT05_120035_19880111.tif,1988,1,11,1988/1/11
30,LT05_120035_19880127.tif,1988,1,27,1988/1/27
31,LT05_120035_19880331.tif,1988,3,31,1988/3/31
32,LT05_120035_19880502.tif,1988,5,2,1988/5/2
33,LT05_120035_19880603.tif,1988,6,3,1988/6/3
34,LT05_120035_19880705.tif,1988,7,5,1988/7/5
35,LT05_120035_19881009.tif,1988,10,9,1988/10/9
36,LT05_120035_19881025.tif,1988,10,25,1988/10/25
37,LT05_120035_19881110.tif,1988,11,10,1988/11/10
38,LT05_120035_19881126.tif,1988,11,26,1988/11/26
39,LT05_120035_19881212.tif,1988,12,12,1988/12/12
40,LT05_120035_19890113.tif,1989,1,13,1989/1/13
41,LT04_120035_19890121.tif,1989,1,21,1989/1/21
42,LT05_120035_19890129.tif,1989,1,29,1989/1/29
43,LT04_120035_19890206.tif,1989,2,6,1989/2/6
44,LT05_120035_19890214.tif,1989,2,14,1989/2/14
45,LT04_120035_19890310.tif,1989,3,10,1989/3/10
46,LT05_120035_19890403.tif,1989,4,3,1989/4/3
47,LT05_120035_19890505.tif,1989,5,5,1989/5/5
48,LT05_120035_19890521.tif,1989,5,21,1989/5/21
49,LT05_120035_19890606.tif,1989,6,6,1989/6/6
50,LT05_120035_19890622.tif,1989,6,22,1989/6/22
51,LT05_120035_19890809.tif,1989,8,9,1989/8/9
52,LT05_120035_19891012.tif,1989,10,12,1989/10/12
53,LT05_120035_19891028.tif,1989,10,28,1989/10/28
54,LT05_120035_19891113.tif,1989,11,13,1989/11/13
55,LT05_120035_19891215.tif,1989,12,15,1989/12/15
56,LT05_120035_19900116.tif,1990,1,16,1990/1/16
57,LT05_120035_19900201.tif,1990,2,1,1990/2/1
58,LT05_120035_19900305.tif,1990,3,5,1990/3/5
59,LT05_120035_19900508.tif,1990,5,8,1990/5/8
60,LT05_120035_19900524.tif,1990,5,24,1990/5/24
61,LT05_120035_19900609.tif,1990,6,9,1990/6/9
62,LT05_120035_19900812.tif,1990,8,12,1990/8/12
63,LT05_120035_19900913.tif,1990,9,13,1990/9/13
64,LT05_120035_19901015.tif,1990,10,15,1990/10/15
65,LT05_120035_19901031.tif,1990,10,31,1990/10/31
66,LT05_120035_19901116.tif,1990,11,16,1990/11/16
67,LT05_120035_19901218.tif,1990,12,18,1990/12/18
68,LT05_120035_19910204.tif,1991,2,4,1991/2/4
69,LT05_120035_19910220.tif,1991,2,20,1991/2/20
70,LT05_120035_19910628.tif,1991,6,28,1991/6/28
71,LT05_120035_19910714.tif,1991,7,14,1991/7/14
72,LT05_120035_19910831.tif,1991,8,31,1991/8/31
73,LT05_120035_19910916.tif,1991,9,16,1991/9/16
74,LT05_120035_19911018.tif,1991,10,18,1991/10/18
75,LT05_120035_19911103.tif,1991,11,3,1991/11/3
76,LT05_120035_19911119.tif,1991,11,19,1991/11/19
77,LT05_120035_19911205.tif,1991,12,5,1991/12/5
78,LT05_120035_19911221.tif,1991,12,21,1991/12/21
79,LT05_120035_19920122.tif,1992,1,22,1992/1/22
80,LT05_120035_19920207.tif,1992,2,7,1992/2/7
81,LT05_120035_19920326.tif,1992,3,26,1992/3/26
82,LT05_120035_19920411.tif,1992,4,11,1992/4/11
83,LT05_120035_19920427.tif,1992,4,27,1992/4/27
84,LT05_120035_19920513.tif,1992,5,13,1992/5/13
85,LT05_120035_19920529.tif,1992,5,29,1992/5/29
86,LT05_120035_19920630.tif,1992,6,30,1992/6/30
87,LT05_120035_19920801.tif,1992,8,1,1992/8/1
88,LT05_120035_19920817.tif,1992,8,17,1992/8/17
89,LT05_120035_19920918.tif,1992,9,18,1992/9/18
90,LT05_120035_19921020.tif,1992,10,20,1992/10/20
91,LT05_120035_19921121.tif,1992,11,21,1992/11/21
92,LT05_120035_19921223.tif,1992,12,23,1992/12/23
93,LT05_120035_19930124.tif,1993,1,24,1993/1/24
94,LT05_120035_19930209.tif,1993,2,9,1993/2/9
95,LT05_120035_19930225.tif,1993,2,25,1993/2/25
96,LT05_120035_19930329.tif,1993,3,29,1993/3/29
97,LT05_120035_19930414.tif,1993,4,14,1993/4/14
98,LT05_120035_19930921.tif,1993,9,21,1993/9/21
99,LT05_120035_19931007.tif,1993,10,7,1993/10/7
100,LT05_120035_19931108.tif,1993,11,8,1993/11/8
101,LT05_120035_19931124.tif,1993,11,24,1993/11/24
102,LT05_120035_19931226.tif,1993,12,26,1993/12/26
103,LT05_120035_19940111.tif,1994,1,11,1994/1/11
104,LT05_120035_19940212.tif,1994,2,12,1994/2/12
105,LT05_120035_19940228.tif,1994,2,28,1994/2/28
106,LT05_120035_19940316.tif,1994,3,16,1994/3/16
107,LT05_120035_19940519.tif,1994,5,19,1994/5/19
108,LT05_120035_19940706.tif,1994,7,6,1994/7/6
109,LT05_120035_19940807.tif,1994,8,7,1994/8/7
110,LT05_120035_19940924.tif,1994,9,24,1994/9/24
111,LT05_120035_19941026.tif,1994,10,26,1994/10/26
112,LT05_120035_19941213.tif,1994,12,13,1994/12/13
113,LT05_120035_19941229.tif,1994,12,29,1994/12/29
114,LT05_120035_19950114.tif,1995,1,14,1995/1/14
115,LT05_120035_19950215.tif,1995,2,15,1995/2/15
116,LT05_120035_19950319.tif,1995,3,19,1995/3/19
117,LT05_120035_19950404.tif,1995,4,4,1995/4/4
118,LT05_120035_19950420.tif,1995,4,20,1995/4/20
119,LT05_120035_19950506.tif,1995,5,6,1995/5/6
120,LT05_120035_19950522.tif,1995,5,22,1995/5/22
121,LT05_120035_19950810.tif,1995,8,10,1995/8/10
122,LT05_120035_19950826.tif,1995,8,26,1995/8/26
123,LT05_120035_19950911.tif,1995,9,11,1995/9/11
124,LT05_120035_19950927.tif,1995,9,27,1995/9/27
125,LT05_120035_19960202.tif,1996,2,2,1996/2/2
126,LT05_120035_19960218.tif,1996,2,18,1996/2/18
127,LT05_120035_19960305.tif,1996,3,5,1996/3/5
128,LT05_120035_19960406.tif,1996,4,6,1996/4/6
129,LT05_120035_19960422.tif,1996,4,22,1996/4/22
130,LT05_120035_19960508.tif,1996,5,8,1996/5/8
131,LT05_120035_19960524.tif,1996,5,24,1996/5/24
132,LT05_120035_19960913.tif,1996,9,13,1996/9/13
133,LT05_120035_19960929.tif,1996,9,29,1996/9/29
134,LT05_120035_19961202.tif,1996,12,2,1996/12/2
135,LT05_120035_19970119.tif,1997,1,19,1997/1/19
136,LT05_120035_19970204.tif,1997,2,4,1997/2/4
137,LT05_120035_19970220.tif,1997,2,20,1997/2/20
138,LT05_120035_19970324.tif,1997,3,24,1997/3/24
139,LT05_120035_19970409.tif,1997,4,9,1997/4/9
140,LT05_120035_19970425.tif,1997,4,25,1997/4/25
141,LT05_120035_19970527.tif,1997,5,27,1997/5/27
142,LT05_120035_19970612.tif,1997,6,12,1997/6/12
143,LT05_120035_19970628.tif,1997,6,28,1997/6/28
144,LT05_120035_19970730.tif,1997,7,30,1997/7/30
145,LT05_120035_19970815.tif,1997,8,15,1997/8/15
146,LT05_120035_19970916.tif,1997,9,16,1997/9/16
147,LT05_120035_19971002.tif,1997,10,2,1997/10/2
148,LT05_120035_19971018.tif,1997,10,18,1997/10/18
149,LT05_120035_19971103.tif,1997,11,3,1997/11/3
150,LT05_120035_19971221.tif,1997,12,21,1997/12/21
151,LT05_120035_19980106.tif,1998,1,6,1998/1/6
152,LT05_120035_19980122.tif,1998,1,22,1998/1/22
153,LT05_120035_19980207.tif,1998,2,7,1998/2/7
154,LT05_120035_19980514.tif,1998,5,14,1998/5/14
155,LT05_120035_19980530.tif,1998,5,30,1998/5/30
156,LT05_120035_19980615.tif,1998,6,15,1998/6/15
157,LT05_120035_19980818.tif,1998,8,18,1998/8/18
158,LT05_120035_19980903.tif,1998,9,3,1998/9/3
159,LT05_120035_19980919.tif,1998,9,19,1998/9/19
160,LT05_120035_19981005.tif,1998,10,5,1998/10/5
161,LT05_120035_19981021.tif,1998,10,21,1998/10/21
162,LT05_120035_19981106.tif,1998,11,6,1998/11/6
163,LT05_120035_19981122.tif,1998,11,22,1998/11/22
164,LT05_120035_19981208.tif,1998,12,8,1998/12/8
165,LT05_120035_19981224.tif,1998,12,24,1998/12/24
166,LT05_120035_19990109.tif,1999,1,9,1999/1/9
167,LT05_120035_19990125.tif,1999,1,25,1999/1/25
168,LT05_120035_19990330.tif,1999,3,30,1999/3/30
169,LT05_120035_19990415.tif,1999,4,15,1999/4/15
170,LT05_120035_19990501.tif,1999,5,1,1999/5/1
171,LT05_120035_19990618.tif,1999,6,18,1999/6/18
172,LT05_120035_19990704.tif,1999,7,4,1999/7/4
173,LT05_120035_19990805.tif,1999,8,5,1999/8/5
174,LT05_120035_19990922.tif,1999,9,22,1999/9/22
175,LT05_120035_19991008.tif,1999,10,8,1999/10/8
176,LT05_120035_19991024.tif,1999,10,24,1999/10/24
177,LT05_120035_19991109.tif,1999,11,9,1999/11/9
178,LT05_120035_19991211.tif,1999,12,11,1999/12/11
179,LE07_120035_19991219.tif,1999,12,19,1999/12/19
180,LT05_120035_19991227.tif,1999,12,27,1999/12/27
181,LE07_120035_20000120.tif,2000,1,20,2000/1/20
182,LT05_120035_20000128.tif,2000,1,28,2000/1/28
183,LE07_120035_20000221.tif,2000,2,21,2000/2/21
184,LT05_120035_20000229.tif,2000,2,29,2000/2/29
185,LE07_120035_20000308.tif,2000,3,8,2000/3/8
186,LT05_120035_20000316.tif,2000,3,16,2000/3/16
187,LT05_120035_20000503.tif,2000,5,3,2000/5/3
188,LE07_120035_20000511.tif,2000,5,11,2000/5/11
189,LT05_120035_20000519.tif,2000,5,19,2000/5/19
190,LT05_120035_20000604.tif,2000,6,4,2000/6/4
191,LE07_120035_20000612.tif,2000,6,12,2000/6/12
192,LT05_120035_20000706.tif,2000,7,6,2000/7/6
193,LE07_120035_20000730.tif,2000,7,30,2000/7/30
194,LT05_120035_20000908.tif,2000,9,8,2000/9/8
195,LE07_120035_20000916.tif,2000,9,16,2000/9/16
196,LE07_120035_20001002.tif,2000,10,2,2000/10/2
197,LE07_120035_20001018.tif,2000,10,18,2000/10/18
198,LT05_120035_20001026.tif,2000,10,26,2000/10/26
199,LE07_120035_20001103.tif,2000,11,3,2000/11/3
200,LT05_120035_20001127.tif,2000,11,27,2000/11/27
201,LE07_120035_20001205.tif,2000,12,5,2000/12/5
202,LT05_120035_20001213.tif,2000,12,13,2000/12/13
203,LE07_120035_20001221.tif,2000,12,21,2000/12/21
204,LT05_120035_20001229.tif,2000,12,29,2000/12/29
205,LT05_120035_20010114.tif,2001,1,14,2001/1/14
206,LT05_120035_20010130.tif,2001,1,30,2001/1/30
207,LE07_120035_20010207.tif,2001,2,7,2001/2/7
208,LT05_120035_20010319.tif,2001,3,19,2001/3/19
209,LT05_120035_20010404.tif,2001,4,4,2001/4/4
210,LE07_120035_20010412.tif,2001,4,12,2001/4/12
211,LT05_120035_20010420.tif,2001,4,20,2001/4/20
212,LE07_120035_20010514.tif,2001,5,14,2001/5/14
213,LT05_120035_20010522.tif,2001,5,22,2001/5/22
214,LT05_120035_20010607.tif,2001,6,7,2001/6/7
215,LT05_120035_20010623.tif,2001,6,23,2001/6/23
216,LE07_120035_20010701.tif,2001,7,1,2001/7/1
217,LE07_120035_20010717.tif,2001,7,17,2001/7/17
218,LE07_120035_20010802.tif,2001,8,2,2001/8/2
219,LT05_120035_20010826.tif,2001,8,26,2001/8/26
220,LE07_120035_20010903.tif,2001,9,3,2001/9/3
221,LT05_120035_20010911.tif,2001,9,11,2001/9/11
222,LE07_120035_20010919.tif,2001,9,19,2001/9/19
223,LT05_120035_20010927.tif,2001,9,27,2001/9/27
224,LE07_120035_20011005.tif,2001,10,5,2001/10/5
225,LT05_120035_20011029.tif,2001,10,29,2001/10/29
226,LE07_120035_20011106.tif,2001,11,6,2001/11/6
227,LT05_120035_20011114.tif,2001,11,14,2001/11/14
228,LE07_120035_20011122.tif,2001,11,22,2001/11/22
229,LT05_120035_20011130.tif,2001,11,30,2001/11/30
230,LE07_120035_20011208.tif,2001,12,8,2001/12/8
231,LE07_120035_20011224.tif,2001,12,24,2001/12/24
232,LT05_120035_20020117.tif,2002,1,17,2002/1/17
233,LE07_120035_20020210.tif,2002,2,10,2002/2/10
234,LT05_120035_20020218.tif,2002,2,18,2002/2/18
235,LE07_120035_20020226.tif,2002,2,26,2002/2/26
236,LT05_120035_20020306.tif,2002,3,6,2002/3/6
237,LT05_120035_20020322.tif,2002,3,22,2002/3/22
238,LE07_120035_20020415.tif,2002,4,15,2002/4/15
239,LE07_120035_20020501.tif,2002,5,1,2002/5/1
240,LT05_120035_20020525.tif,2002,5,25,2002/5/25
241,LE07_120035_20020618.tif,2002,6,18,2002/6/18
242,LT05_120035_20020626.tif,2002,6,26,2002/6/26
243,LT05_120035_20020712.tif,2002,7,12,2002/7/12
244,LE07_120035_20020720.tif,2002,7,20,2002/7/20
245,LT05_120035_20020813.tif,2002,8,13,2002/8/13
246,LE07_120035_20020906.tif,2002,9,6,2002/9/6
247,LE07_120035_20020922.tif,2002,9,22,2002/9/22
248,LT05_120035_20020930.tif,2002,9,30,2002/9/30
249,LE07_120035_20021008.tif,2002,10,8,2002/10/8
250,LT05_120035_20021016.tif,2002,10,16,2002/10/16
251,LE07_120035_20021024.tif,2002,10,24,2002/10/24
252,LT05_120035_20021101.tif,2002,11,1,2002/11/1
253,LE07_120035_20021109.tif,2002,11,9,2002/11/9
254,LT05_120035_20021117.tif,2002,11,17,2002/11/17
255,LE07_120035_20021125.tif,2002,11,25,2002/11/25
256,LE07_120035_20021211.tif,2002,12,11,2002/12/11
257,LE07_120035_20021227.tif,2002,12,27,2002/12/27
258,LT05_120035_20030104.tif,2003,1,4,2003/1/4
259,LE07_120035_20030112.tif,2003,1,12,2003/1/12
260,LE07_120035_20030128.tif,2003,1,28,2003/1/28
261,LT05_120035_20030205.tif,2003,2,5,2003/2/5
262,LE07_120035_20030213.tif,2003,2,13,2003/2/13
263,LT05_120035_20030309.tif,2003,3,9,2003/3/9
264,LE07_120035_20030317.tif,2003,3,17,2003/3/17
265,LT05_120035_20030410.tif,2003,4,10,2003/4/10
266,LE07_120035_20030520.tif,2003,5,20,2003/5/20
267,LE07_120035_20030925.tif,2003,9,25,2003/9/25
268,LT05_120035_20031019.tif,2003,10,19,2003/10/19
269,LE07_120035_20031027.tif,2003,10,27,2003/10/27
270,LT05_120035_20031104.tif,2003,11,4,2003/11/4
271,LE07_120035_20031112.tif,2003,11,12,2003/11/12
272,LT05_120035_20031206.tif,2003,12,6,2003/12/6
273,LE07_120035_20031214.tif,2003,12,14,2003/12/14
274,LT05_120035_20031222.tif,2003,12,22,2003/12/22
275,LT05_120035_20040107.tif,2004,1,7,2004/1/7
276,LT05_120035_20040208.tif,2004,2,8,2004/2/8
277,LT05_120035_20040224.tif,2004,2,24,2004/2/24
278,LE07_120035_20040303.tif,2004,3,3,2004/3/3
279,LT05_120035_20040311.tif,2004,3,11,2004/3/11
280,LE07_120035_20040319.tif,2004,3,19,2004/3/19
281,LE07_120035_20040404.tif,2004,4,4,2004/4/4
282,LT05_120035_20040428.tif,2004,4,28,2004/4/28
283,LE07_120035_20040506.tif,2004,5,6,2004/5/6
284,LT05_120035_20040514.tif,2004,5,14,2004/5/14
285,LE07_120035_20040522.tif,2004,5,22,2004/5/22
286,LE07_120035_20040709.tif,2004,7,9,2004/7/9
287,LE07_120035_20040911.tif,2004,9,11,2004/9/11
288,LE07_120035_20040927.tif,2004,9,27,2004/9/27
289,LT05_120035_20041005.tif,2004,10,5,2004/10/5
290,LE07_120035_20041013.tif,2004,10,13,2004/10/13
291,LT05_120035_20041106.tif,2004,11,6,2004/11/6
292,LE07_120035_20041114.tif,2004,11,14,2004/11/14
293,LT05_120035_20041122.tif,2004,11,22,2004/11/22
294,LE07_120035_20041130.tif,2004,11,30,2004/11/30
295,LT05_120035_20041208.tif,2004,12,8,2004/12/8
296,LE07_120035_20041216.tif,2004,12,16,2004/12/16
297,LT05_120035_20041224.tif,2004,12,24,2004/12/24
298,LE07_120035_20050101.tif,2005,1,1,2005/1/1
299,LT05_120035_20050109.tif,2005,1,9,2005/1/9
300,LE07_120035_20050202.tif,2005,2,2,2005/2/2
301,LT05_120035_20050210.tif,2005,2,10,2005/2/10
302,LE07_120035_20050218.tif,2005,2,18,2005/2/18
303,LT05_120035_20050226.tif,2005,2,26,2005/2/26
304,LE07_120035_20050306.tif,2005,3,6,2005/3/6
305,LE07_120035_20050322.tif,2005,3,22,2005/3/22
306,LT05_120035_20050415.tif,2005,4,15,2005/4/15
307,LE07_120035_20050423.tif,2005,4,23,2005/4/23
308,LE07_120035_20050509.tif,2005,5,9,2005/5/9
309,LT05_120035_20050602.tif,2005,6,2,2005/6/2
310,LT05_120035_20050720.tif,2005,7,20,2005/7/20
311,LE07_120035_20050813.tif,2005,8,13,2005/8/13
312,LT05_120035_20050906.tif,2005,9,6,2005/9/6
313,LE07_120035_20050914.tif,2005,9,14,2005/9/14
314,LT05_120035_20050922.tif,2005,9,22,2005/9/22
315,LT05_120035_20051008.tif,2005,10,8,2005/10/8
316,LE07_120035_20051016.tif,2005,10,16,2005/10/16
317,LT05_120035_20051024.tif,2005,10,24,2005/10/24
318,LE07_120035_20051101.tif,2005,11,1,2005/11/1
319,LE07_120035_20051117.tif,2005,11,17,2005/11/17
320,LT05_120035_20051125.tif,2005,11,25,2005/11/25
321,LE07_120035_20051219.tif,2005,12,19,2005/12/19
322,LE07_120035_20060120.tif,2006,1,20,2006/1/20
323,LT05_120035_20060301.tif,2006,3,1,2006/3/1
324,LE07_120035_20060309.tif,2006,3,9,2006/3/9
325,LE07_120035_20060325.tif,2006,3,25,2006/3/25
326,LT05_120035_20060402.tif,2006,4,2,2006/4/2
327,LT05_120035_20060418.tif,2006,4,18,2006/4/18
328,LE07_120035_20060426.tif,2006,4,26,2006/4/26
329,LT05_120035_20060520.tif,2006,5,20,2006/5/20
330,LE07_120035_20060528.tif,2006,5,28,2006/5/28
331,LE07_120035_20060731.tif,2006,7,31,2006/7/31
332,LT05_120035_20060808.tif,2006,8,8,2006/8/8
333,LT05_120035_20060909.tif,2006,9,9,2006/9/9
334,LE07_120035_20060917.tif,2006,9,17,2006/9/17
335,LE07_120035_20061003.tif,2006,10,3,2006/10/3
336,LT05_120035_20061011.tif,2006,10,11,2006/10/11
337,LT05_120035_20061027.tif,2006,10,27,2006/10/27
338,LE07_120035_20061104.tif,2006,11,4,2006/11/4
339,LT05_120035_20061112.tif,2006,11,12,2006/11/12
340,LT05_120035_20061128.tif,2006,11,28,2006/11/28
341,LT05_120035_20061214.tif,2006,12,14,2006/12/14
342,LE07_120035_20061222.tif,2006,12,22,2006/12/22
343,LE07_120035_20070107.tif,2007,1,7,2007/1/7
344,LT05_120035_20070131.tif,2007,1,31,2007/1/31
345,LT05_120035_20070320.tif,2007,3,20,2007/3/20
346,LE07_120035_20070413.tif,2007,4,13,2007/4/13
347,LT05_120035_20070421.tif,2007,4,21,2007/4/21
348,LT05_120035_20070507.tif,2007,5,7,2007/5/7
349,LE07_120035_20070616.tif,2007,6,16,2007/6/16
350,LE07_120035_20070904.tif,2007,9,4,2007/9/4
351,LE07_120035_20071022.tif,2007,10,22,2007/10/22
352,LE07_120035_20071107.tif,2007,11,7,2007/11/7
353,LE07_120035_20071123.tif,2007,11,23,2007/11/23
354,LE07_120035_20071209.tif,2007,12,9,2007/12/9
355,LE07_120035_20071225.tif,2007,12,25,2007/12/25
356,LE07_120035_20080126.tif,2008,1,26,2008/1/26
357,LT05_120035_20080203.tif,2008,2,3,2008/2/3
358,LT05_120035_20080219.tif,2008,2,19,2008/2/19
359,LE07_120035_20080227.tif,2008,2,27,2008/2/27
360,LT05_120035_20080306.tif,2008,3,6,2008/3/6
361,LE07_120035_20080314.tif,2008,3,14,2008/3/14
362,LT05_120035_20080407.tif,2008,4,7,2008/4/7
363,LT05_120035_20080423.tif,2008,4,23,2008/4/23
364,LE07_120035_20080501.tif,2008,5,1,2008/5/1
365,LT05_120035_20080525.tif,2008,5,25,2008/5/25
366,LE07_120035_20080602.tif,2008,6,2,2008/6/2
367,LT05_120035_20080626.tif,2008,6,26,2008/6/26
368,LT05_120035_20080712.tif,2008,7,12,2008/7/12
369,LT05_120035_20080813.tif,2008,8,13,2008/8/13
370,LT05_120035_20080829.tif,2008,8,29,2008/8/29
371,LE07_120035_20080906.tif,2008,9,6,2008/9/6
372,LE07_120035_20081024.tif,2008,10,24,2008/10/24
373,LE07_120035_20081109.tif,2008,11,9,2008/11/9
374,LE07_120035_20081125.tif,2008,11,25,2008/11/25
375,LE07_120035_20081211.tif,2008,12,11,2008/12/11
376,LE07_120035_20081227.tif,2008,12,27,2008/12/27
377,LE07_120035_20090112.tif,2009,1,12,2009/1/12
378,LE07_120035_20090128.tif,2009,1,28,2009/1/28
379,LT05_120035_20090221.tif,2009,2,21,2009/2/21
380,LE07_120035_20090301.tif,2009,3,1,2009/3/1
381,LT05_120035_20090309.tif,2009,3,9,2009/3/9
382,LE07_120035_20090317.tif,2009,3,17,2009/3/17
383,LT05_120035_20090325.tif,2009,3,25,2009/3/25
384,LE07_120035_20090402.tif,2009,4,2,2009/4/2
385,LT05_120035_20090410.tif,2009,4,10,2009/4/10
386,LT05_120035_20090426.tif,2009,4,26,2009/4/26
387,LE07_120035_20090504.tif,2009,5,4,2009/5/4
388,LT05_120035_20090512.tif,2009,5,12,2009/5/12
389,LT05_120035_20090613.tif,2009,6,13,2009/6/13
390,LT05_120035_20090629.tif,2009,6,29,2009/6/29
391,LT05_120035_20090715.tif,2009,7,15,2009/7/15
392,LT05_120035_20090731.tif,2009,7,31,2009/7/31
393,LT05_120035_20090816.tif,2009,8,16,2009/8/16
394,LT05_120035_20090901.tif,2009,9,1,2009/9/1
395,LE07_120035_20090909.tif,2009,9,9,2009/9/9
396,LT05_120035_20090917.tif,2009,9,17,2009/9/17
397,LT05_120035_20091003.tif,2009,10,3,2009/10/3
398,LT05_120035_20091019.tif,2009,10,19,2009/10/19
399,LE07_120035_20091027.tif,2009,10,27,2009/10/27
400,LT05_120035_20091120.tif,2009,11,20,2009/11/20
401,LT05_120035_20091206.tif,2009,12,6,2009/12/6
402,LE07_120035_20091230.tif,2009,12,30,2009/12/30
403,LT05_120035_20100123.tif,2010,1,23,2010/1/23
404,LE07_120035_20100131.tif,2010,1,31,2010/1/31
405,LE07_120035_20100216.tif,2010,2,16,2010/2/16
406,LT05_120035_20100312.tif,2010,3,12,2010/3/12
407,LT05_120035_20100413.tif,2010,4,13,2010/4/13
408,LT05_120035_20100429.tif,2010,4,29,2010/4/29
409,LE07_120035_20100507.tif,2010,5,7,2010/5/7
410,LE07_120035_20100726.tif,2010,7,26,2010/7/26
411,LT05_120035_20100803.tif,2010,8,3,2010/8/3
412,LE07_120035_20100912.tif,2010,9,12,2010/9/12
413,LT05_120035_20100920.tif,2010,9,20,2010/9/20
414,LE07_120035_20100928.tif,2010,9,28,2010/9/28
415,LT05_120035_20101006.tif,2010,10,6,2010/10/6
416,LT05_120035_20101022.tif,2010,10,22,2010/10/22
417,LE07_120035_20101030.tif,2010,10,30,2010/10/30
418,LE07_120035_20101115.tif,2010,11,15,2010/11/15
419,LE07_120035_20101201.tif,2010,12,1,2010/12/1
420,LT05_120035_20101209.tif,2010,12,9,2010/12/9
421,LE07_120035_20101217.tif,2010,12,17,2010/12/17
422,LT05_120035_20101225.tif,2010,12,25,2010/12/25
423,LE07_120035_20110102.tif,2011,1,2,2011/1/2
424,LT05_120035_20110110.tif,2011,1,10,2011/1/10
425,LT05_120035_20110126.tif,2011,1,26,2011/1/26
426,LE07_120035_20110203.tif,2011,2,3,2011/2/3
427,LT05_120035_20110211.tif,2011,2,11,2011/2/11
428,LE07_120035_20110307.tif,2011,3,7,2011/3/7
429,LE07_120035_20110323.tif,2011,3,23,2011/3/23
430,LT05_120035_20110331.tif,2011,3,31,2011/3/31
431,LE07_120035_20110408.tif,2011,4,8,2011/4/8
432,LT05_120035_20110416.tif,2011,4,16,2011/4/16
433,LT05_120035_20110518.tif,2011,5,18,2011/5/18
434,LE07_120035_20110611.tif,2011,6,11,2011/6/11
435,LE07_120035_20110627.tif,2011,6,27,2011/6/27
436,LE07_120035_20110713.tif,2011,7,13,2011/7/13
437,LT05_120035_20110721.tif,2011,7,21,2011/7/21
438,LE07_120035_20110729.tif,2011,7,29,2011/7/29
439,LE07_120035_20110814.tif,2011,8,14,2011/8/14
440,LT05_120035_20110822.tif,2011,8,22,2011/8/22
441,LT05_120035_20110923.tif,2011,9,23,2011/9/23
442,LE07_120035_20111017.tif,2011,10,17,2011/10/17
443,LE07_120035_20111102.tif,2011,11,2,2011/11/2
444,LE07_120035_20111204.tif,2011,12,4,2011/12/4
445,LE07_120035_20120105.tif,2012,1,5,2012/1/5
446,LE07_120035_20120121.tif,2012,1,21,2012/1/21
447,LE07_120035_20120309.tif,2012,3,9,2012/3/9
448,LE07_120035_20120325.tif,2012,3,25,2012/3/25
449,LE07_120035_20120426.tif,2012,4,26,2012/4/26
450,LE07_120035_20120528.tif,2012,5,28,2012/5/28
451,LE07_120035_20120816.tif,2012,8,16,2012/8/16
452,LE07_120035_20120901.tif,2012,9,1,2012/9/1
453,LE07_120035_20120917.tif,2012,9,17,2012/9/17
454,LE07_120035_20121104.tif,2012,11,4,2012/11/4
455,LE07_120035_20121206.tif,2012,12,6,2012/12/6
456,LE07_120035_20130107.tif,2013,1,7,2013/1/7
457,LE07_120035_20130123.tif,2013,1,23,2013/1/23
458,LC08_119035_20130320.tif,2013,3,20,2013/3/20
459,LC08_120035_20130407.tif,2013,4,7,2013/4/7
460,LE07_120035_20130413.tif,2013,4,13,2013/4/13
461,LC08_120035_20130421.tif,2013,4,21,2013/4/21
462,LE07_120035_20130515.tif,2013,5,15,2013/5/15
463,LE07_120035_20130819.tif,2013,8,19,2013/8/19
464,LC08_120035_20130827.tif,2013,8,27,2013/8/27
465,LE07_120035_20131006.tif,2013,10,6,2013/10/6
466,LE07_120035_20131022.tif,2013,10,22,2013/10/22
467,LE07_120035_20131107.tif,2013,11,7,2013/11/7
468,LC08_120035_20131115.tif,2013,11,15,2013/11/15
469,LC08_120035_20131201.tif,2013,12,1,2013/12/1
470,LC08_120035_20131217.tif,2013,12,17,2013/12/17
471,LC08_120035_20140102.tif,2014,1,2,2014/1/2
472,LC08_120035_20140118.tif,2014,1,18,2014/1/18
473,LE07_120035_20140126.tif,2014,1,26,2014/1/26
474,LE07_120035_20140211.tif,2014,2,11,2014/2/11
475,LC08_120035_20140219.tif,2014,2,19,2014/2/19
476,LC08_120035_20140307.tif,2014,3,7,2014/3/7
477,LE07_120035_20140315.tif,2014,3,15,2014/3/15
478,LC08_120035_20140424.tif,2014,4,24,2014/4/24
479,LE07_120035_20140502.tif,2014,5,2,2014/5/2
480,LC08_120035_20140510.tif,2014,5,10,2014/5/10
481,LE07_120035_20140518.tif,2014,5,18,2014/5/18
482,LC08_120035_20140526.tif,2014,5,26,2014/5/26
483,LC08_120035_20140611.tif,2014,6,11,2014/6/11
484,LC08_120035_20140627.tif,2014,6,27,2014/6/27
485,LC08_120035_20140713.tif,2014,7,13,2014/7/13
486,LC08_120035_20140729.tif,2014,7,29,2014/7/29
487,LC08_120035_20140830.tif,2014,8,30,2014/8/30
488,LC08_120035_20141001.tif,2014,10,1,2014/10/1
489,LC08_120035_20141017.tif,2014,10,17,2014/10/17
490,LE07_120035_20141025.tif,2014,10,25,2014/10/25
491,LC08_120035_20141102.tif,2014,11,2,2014/11/2
492,LE07_120035_20141110.tif,2014,11,10,2014/11/10
493,LC08_120035_20141118.tif,2014,11,18,2014/11/18
494,LE07_120035_20141126.tif,2014,11,26,2014/11/26
495,LC08_120035_20141204.tif,2014,12,4,2014/12/4
496,LE07_120035_20141212.tif,2014,12,12,2014/12/12
497,LC08_120035_20141220.tif,2014,12,20,2014/12/20
498,LE07_120035_20141228.tif,2014,12,28,2014/12/28
499,LC08_120035_20150206.tif,2015,2,6,2015/2/6
500,LE07_120035_20150214.tif,2015,2,14,2015/2/14
501,LC08_120035_20150222.tif,2015,2,22,2015/2/22
502,LE07_120035_20150302.tif,2015,3,2,2015/3/2
503,LC08_120035_20150310.tif,2015,3,10,2015/3/10
504,LC08_120035_20150326.tif,2015,3,26,2015/3/26
505,LE07_120035_20150403.tif,2015,4,3,2015/4/3
506,LC08_120035_20150411.tif,2015,4,11,2015/4/11
507,LE07_120035_20150505.tif,2015,5,5,2015/5/5
508,LC08_120035_20150513.tif,2015,5,13,2015/5/13
509,LE07_120035_20150606.tif,2015,6,6,2015/6/6
510,LC08_120035_20150614.tif,2015,6,14,2015/6/14
511,LE07_120035_20150622.tif,2015,6,22,2015/6/22
512,LE07_120035_20150708.tif,2015,7,8,2015/7/8
513,LE07_120035_20150724.tif,2015,7,24,2015/7/24
514,20150831T025726_20161009T195552_T51STV.tif,2015,8,31,2015/8/31
515,LE07_120035_20150910.tif,2015,9,10,2015/9/10
516,20150910T025726_20161017T163803_T51STV.tif,2015,9,10,2015/9/10
517,LE07_120035_20150926.tif,2015,9,26,2015/9/26
518,LC08_120035_20151004.tif,2015,10,4,2015/10/4
519,LE07_120035_20151012.tif,2015,10,12,2015/10/12
520,LC08_120035_20151020.tif,2015,10,20,2015/10/20
521,20151020T025732_20151020T025727_T51STV.tif,2015,10,20,2015/10/20
522,LE07_120035_20151028.tif,2015,10,28,2015/10/28
523,LE07_120035_20151129.tif,2015,11,29,2015/11/29
524,20151129T025722_20170509T093139_T51STV.tif,2015,11,29,2015/11/29
525,LE07_120035_20151215.tif,2015,12,15,2015/12/15
526,20151229T025722_20151229T025722_T51STV.tif,2015,12,29,2015/12/29
527,LE07_120035_20151231.tif,2015,12,31,2015/12/31
528,LC08_120035_20160108.tif,2016,1,8,2016/1/8
529,20160108T025112_20160108T025300_T51STV.tif,2016,1,8,2016/1/8
530,LE07_120035_20160116.tif,2016,1,16,2016/1/16
531,20160118T025719_20160414T024941_T51STV.tif,2016,1,18,2016/1/18
532,LC08_120035_20160124.tif,2016,1,24,2016/1/24
533,LE07_120035_20160201.tif,2016,2,1,2016/2/1
534,20160207T024902_20160207T025602_T51STV.tif,2016,2,7,2016/2/7
535,LC08_120035_20160209.tif,2016,2,9,2016/2/9
536,LE07_120035_20160217.tif,2016,2,17,2016/2/17
537,20160217T025718_20160217T082407_T51STV.tif,2016,2,17,2016/2/17
538,LC08_120035_20160225.tif,2016,2,25,2016/2/25
539,LE07_120035_20160304.tif,2016,3,4,2016/3/4
540,LC08_120035_20160312.tif,2016,3,12,2016/3/12
541,LE07_120035_20160320.tif,2016,3,20,2016/3/20
542,LC08_120035_20160328.tif,2016,3,28,2016/3/28
543,20160328T025719_20160328T100633_T51STV.tif,2016,3,28,2016/3/28
544,LE07_120035_20160405.tif,2016,4,5,2016/4/5
545,LC08_120035_20160413.tif,2016,4,13,2016/4/13
546,LC08_120035_20160429.tif,2016,4,29,2016/4/29
547,LE07_120035_20160507.tif,2016,5,7,2016/5/7
548,LC08_120035_20160531.tif,2016,5,31,2016/5/31
549,20160606T025727_20160606T080340_T51STV.tif,2016,6,6,2016/6/6
550,LC08_120035_20160616.tif,2016,6,16,2016/6/16
551,20160616T024552_20160616T025728_T51STV.tif,2016,6,16,2016/6/16
552,LC08_120035_20160702.tif,2016,7,2,2016/7/2
553,LE07_120035_20160827.tif,2016,8,27,2016/8/27
554,LE07_120035_20160912.tif,2016,9,12,2016/9/12
555,20160914T025722_20160914T025719_T51STV.tif,2016,9,14,2016/9/14
556,LC08_120035_20160920.tif,2016,9,20,2016/9/20
557,LE07_120035_20161014.tif,2016,10,14,2016/10/14
558,20161014T024652_20161014T025641_T51STV.tif,2016,10,14,2016/10/14
559,LE07_120035_20161030.tif,2016,10,30,2016/10/30
560,20161103T024852_20161103T025456_T51STV.tif,2016,11,3,2016/11/3
561,LE07_120035_20161115.tif,2016,11,15,2016/11/15
562,LE07_120035_20161201.tif,2016,12,1,2016/12/1
563,LE07_120035_20161217.tif,2016,12,17,2016/12/17
564,LE07_120035_20170102.tif,2017,1,2,2017/1/2
565,20170102T025112_20170102T025445_T51STV.tif,2017,1,2,2017/1/2
566,LC08_120035_20170110.tif,2017,1,10,2017/1/10
567,20170112T025051_20170112T025049_T51STV.tif,2017,1,12,2017/1/12
568,LC08_120035_20170126.tif,2017,1,26,2017/1/26
569,20170201T025721_20170201T025716_T51STV.tif,2017,2,1,2017/2/1
570,LC08_120035_20170211.tif,2017,2,11,2017/2/11
571,20170211T024831_20170211T025103_T51STV.tif,2017,2,11,2017/2/11
572,LC08_120035_20170227.tif,2017,2,27,2017/2/27
573,LE07_120035_20170307.tif,2017,3,7,2017/3/7
574,LC08_120035_20170315.tif,2017,3,15,2017/3/15
575,LE07_120035_20170323.tif,2017,3,23,2017/3/23
576,20170323T025721_20170323T025715_T51STV.tif,2017,3,23,2017/3/23
577,LC08_120035_20170331.tif,2017,3,31,2017/3/31
578,20170402T024541_20170402T025302_T51STV.tif,2017,4,2,2017/4/2
579,20170412T025721_20170412T025721_T51STV.tif,2017,4,12,2017/4/12
580,20170422T024551_20170422T025553_T51STV.tif,2017,4,22,2017/4/22
581,LE07_120035_20170424.tif,2017,4,24,2017/4/24
582,20170512T024551_20170512T025555_T51STV.tif,2017,5,12,2017/5/12
583,LC08_120035_20170518.tif,2017,5,18,2017/5/18
584,LE07_120035_20170526.tif,2017,5,26,2017/5/26
585,20170601T024551_20170601T025554_T51STV.tif,2017,6,1,2017/6/1
586,LC08_120035_20170603.tif,2017,6,3,2017/6/3
587,LE07_120035_20170611.tif,2017,6,11,2017/6/11
588,LC08_120035_20170619.tif,2017,6,19,2017/6/19
589,LE07_120035_20170627.tif,2017,6,27,2017/6/27
590,LC08_120035_20170705.tif,2017,7,5,2017/7/5
591,20170711T024551_20170711T025552_T51STV.tif,2017,7,11,2017/7/11
592,LE07_120035_20170713.tif,2017,7,13,2017/7/13
593,LC08_120035_20170721.tif,2017,7,21,2017/7/21
594,20170726T025719_20170726T025722_T51STV.tif,2017,7,26,2017/7/26
595,LE07_120035_20170729.tif,2017,7,29,2017/7/29
596,LC08_120035_20170806.tif,2017,8,6,2017/8/6
597,20170810T025721_20170810T025724_T51STV.tif,2017,8,10,2017/8/10
598,LC08_120035_20170822.tif,2017,8,22,2017/8/22
599,LC08_120035_20170907.tif,2017,9,7,2017/9/7
600,LC08_120035_20170923.tif,2017,9,23,2017/9/23
601,LC08_120035_20171009.tif,2017,10,9,2017/10/9
602,20171024T024739_20171024T024947_T51STV.tif,2017,10,24,2017/10/24
603,LC08_120035_20171025.tif,2017,10,25,2017/10/25
604,20171029T025721_20171029T025722_T51STV.tif,2017,10,29,2017/10/29
605,LE07_120035_20171102.tif,2017,11,2,2017/11/2
606,20171108T024921_20171108T025126_T51STV.tif,2017,11,8,2017/11/8
607,20171123T025009_20171123T025106_T51STV.tif,2017,11,23,2017/11/23
608,LC08_120035_20171126.tif,2017,11,26,2017/11/26
609,20171128T025041_20171128T025246_T51STV.tif,2017,11,28,2017/11/28
610,LE07_120035_20171204.tif,2017,12,4,2017/12/4
611,20171208T025721_20171208T025717_T51STV.tif,2017,12,8,2017/12/8
612,LC08_120035_20171212.tif,2017,12,12,2017/12/12
613,20171218T025121_20171218T025325_T51STV.tif,2017,12,18,2017/12/18
614,LE07_120035_20171220.tif,2017,12,20,2017/12/20
615,LC08_120035_20171228.tif,2017,12,28,2017/12/28
616,LE07_120035_20180105.tif,2018,1,5,2018/1/5
617,20180112T025049_20180112T025254_T51STV.tif,2018,1,12,2018/1/12
618,LC08_120035_20180113.tif,2018,1,13,2018/1/13
619,LC08_120035_20180129.tif,2018,1,29,2018/1/29
620,20180201T024929_20180201T025132_T51STV.tif,2018,2,1,2018/2/1
621,LE07_120035_20180206.tif,2018,2,6,2018/2/6
622,20180211T024829_20180211T025320_T51STV.tif,2018,2,11,2018/2/11
623,LE07_120035_20180222.tif,2018,2,22,2018/2/22
624,20180226T024651_20180226T024652_T51STV.tif,2018,2,26,2018/2/26
625,LC08_120035_20180302.tif,2018,3,2,2018/3/2
626,LE07_120035_20180310.tif,2018,3,10,2018/3/10
627,20180313T024539_20180313T025637_T51STV.tif,2018,3,13,2018/3/13
628,20180323T024539_20180323T025358_T51STV.tif,2018,3,23,2018/3/23
629,LE07_120035_20180326.tif,2018,3,26,2018/3/26
630,20180328T024651_20180328T024825_T51STV.tif,2018,3,28,2018/3/28
631,20180402T024539_20180402T025132_T51STV.tif,2018,4,2,2018/4/2
632,20180407T024551_20180407T025136_T51STV.tif,2018,4,7,2018/4/7
633,LE07_120035_20180411.tif,2018,4,11,2018/4/11
634,20180417T024551_20180417T025640_T51STV.tif,2018,4,17,2018/4/17
635,LC08_120035_20180419.tif,2018,4,19,2018/4/19
636,LE07_120035_20180427.tif,2018,4,27,2018/4/27
637,20180427T024551_20180427T025641_T51STV.tif,2018,4,27,2018/4/27
638,LE07_120035_20180513.tif,2018,5,13,2018/5/13
639,LC08_120035_20180521.tif,2018,5,21,2018/5/21
640,20180601T024539_20180601T025121_T51STV.tif,2018,6,1,2018/6/1
641,LC08_120035_20180606.tif,2018,6,6,2018/6/6
642,20180606T024651_20180606T025556_T51STV.tif,2018,6,6,2018/6/6
643,20180611T024549_20180611T025246_T51STV.tif,2018,6,11,2018/6/11
644,20180621T024549_20180621T025018_T51STV.tif,2018,6,21,2018/6/21
645,20180706T024551_20180706T025126_T51STV.tif,2018,7,6,2018/7/6
646,LC08_120035_20180809.tif,2018,8,9,2018/8/9
647,20180810T024539_20180810T025301_T51STV.tif,2018,8,10,2018/8/10
648,LC08_120035_20180825.tif,2018,8,25,2018/8/25
649,20180825T024551_20180825T025135_T51STV.tif,2018,8,25,2018/8/25
650,20180830T024539_20180830T025025_T51STV.tif,2018,8,30,2018/8/30
651,LE07_120035_20180902.tif,2018,9,2,2018/9/2
652,20180904T024541_20180904T025134_T51STV.tif,2018,9,4,2018/9/4
653,20180909T024539_20180909T025224_T51STV.tif,2018,9,9,2018/9/9
654,LC08_120035_20180910.tif,2018,9,10,2018/9/10
655,LE07_120035_20180918.tif,2018,9,18,2018/9/18
656,LC08_120035_20180926.tif,2018,9,26,2018/9/26
657,20180929T024539_20180929T024837_T51STV.tif,2018,9,29,2018/9/29
658,LE07_120035_20181004.tif,2018,10,4,2018/10/4
659,20181004T024541_20181004T025132_T51STV.tif,2018,10,4,2018/10/4
660,LC08_120035_20181012.tif,2018,10,12,2018/10/12
661,20181019T024719_20181019T025734_T51STV.tif,2018,10,19,2018/10/19
662,LE07_120035_20181020.tif,2018,10,20,2018/10/20
663,20181024T024751_20181024T024908_T51STV.tif,2018,10,24,2018/10/24
664,LC08_120035_20181028.tif,2018,10,28,2018/10/28
665,20181029T024819_20181029T025219_T51STV.tif,2018,10,29,2018/10/29
666,LC08_120035_20181113.tif,2018,11,13,2018/11/13
667,20181113T024941_20181113T025427_T51STV.tif,2018,11,13,2018/11/13
668,20181123T025021_20181123T025206_T51STV.tif,2018,11,23,2018/11/23
669,20181213T025111_20181213T025601_T51STV.tif,2018,12,13,2018/12/13
670,LC08_120035_20181215.tif,2018,12,15,2018/12/15
671,20181218T025119_20181218T025524_T51STV.tif,2018,12,18,2018/12/18
672,LE07_120035_20181223.tif,2018,12,23,2018/12/23
673,20181223T025121_20181223T025608_T51STV.tif,2018,12,23,2018/12/23
674,20181228T025119_20181228T025711_T51STV.tif,2018,12,28,2018/12/28
675,LC08_120035_20181231.tif,2018,12,31,2018/12/31
676,20190102T025111_20190102T025653_T51STV.tif,2019,1,2,2019/1/2
677,LC08_120035_20190116.tif,2019,1,16,2019/1/16
678,20190117T025029_20190117T025524_T51STV.tif,2019,1,17,2019/1/17
679,20190122T025021_20190122T025019_T51STV.tif,2019,1,22,2019/1/22
680,LE07_120035_20190124.tif,2019,1,24,2019/1/24
681,20190127T024959_20190127T025536_T51STV.tif,2019,1,27,2019/1/27
682,LC08_120035_20190201.tif,2019,2,1,2019/2/1
683,20190201T024931_20190201T025511_T51STV.tif,2019,2,1,2019/2/1
684,LC08_120035_20190217.tif,2019,2,17,2019/2/17
685,LE07_120035_20190225.tif,2019,2,25,2019/2/25
686,LE07_120035_20190313.tif,2019,3,13,2019/3/13
687,20190313T024541_20190313T025624_T51STV.tif,2019,3,13,2019/3/13
688,20190323T024541_20190323T025141_T51STV.tif,2019,3,23,2019/3/23
689,LC08_120035_20190406.tif,2019,4,6,2019/4/6
690,LE07_120035_20190414.tif,2019,4,14,2019/4/14
691,20190417T024549_20190417T025336_T51STV.tif,2019,4,17,2019/4/17
692,20190502T024551_20190502T025639_T51STV.tif,2019,5,2,2019/5/2
693,20190507T024559_20190507T025339_T51STV.tif,2019,5,7,2019/5/7
694,20190512T024551_20190512T025712_T51STV.tif,2019,5,12,2019/5/12
695,20190522T024551_20190522T025729_T51STV.tif,2019,5,22,2019/5/22
696,20190611T024551_20190611T025208_T51STV.tif,2019,6,11,2019/6/11
697,20190701T024551_20190701T024641_T51STV.tif,2019,7,1,2019/7/1
698,LE07_120035_20190703.tif,2019,7,3,2019/7/3
699,LC08_120035_20190711.tif,2019,7,11,2019/7/11
700,20190711T024551_20190711T025640_T51STV.tif,2019,7,11,2019/7/11
701,20190805T024559_20190805T025233_T51STV.tif,2019,8,5,2019/8/5
702,LE07_120035_20190820.tif,2019,8,20,2019/8/20
703,20190820T024551_20190820T025326_T51STV.tif,2019,8,20,2019/8/20
704,LC08_120035_20190828.tif,2019,8,28,2019/8/28
705,20190830T024551_20190830T025734_T51STV.tif,2019,8,30,2019/8/30
706,LE07_120035_20190905.tif,2019,9,5,2019/9/5
707,20190909T024551_20190909T025707_T51STV.tif,2019,9,9,2019/9/9
708,20190914T024549_20190914T025603_T51STV.tif,2019,9,14,2019/9/14
709,20190924T024549_20190924T024806_T51STV.tif,2019,9,24,2019/9/24
710,LC08_120035_20190929.tif,2019,9,29,2019/9/29
711,20190929T024551_20190929T025647_T51STV.tif,2019,9,29,2019/9/29
712,20191014T024649_20191014T025704_T51STV.tif,2019,10,14,2019/10/14
713,LC08_120035_20191015.tif,2019,10,15,2019/10/15
714,20191019T024721_20191019T025457_T51STV.tif,2019,10,19,2019/10/19
715,LE07_120035_20191023.tif,2019,10,23,2019/10/23
716,20191024T024749_20191024T025324_T51STV.tif,2019,10,24,2019/10/24
717,20191029T024831_20191029T025006_T51STV.tif,2019,10,29,2019/10/29
718,LC08_120035_20191031.tif,2019,10,31,2019/10/31
719,20191103T024849_20191103T025524_T51STV.tif,2019,11,3,2019/11/3
720,LE07_120035_20191108.tif,2019,11,8,2019/11/8
721,20191108T024921_20191108T025453_T51STV.tif,2019,11,8,2019/11/8
722,20191128T025041_20191128T025543_T51STV.tif,2019,11,28,2019/11/28
723,LC08_120035_20191202.tif,2019,12,2,2019/12/2
724,20191203T025059_20191203T025053_T51STV.tif,2019,12,3,2019/12/3
725,20191208T025111_20191208T025726_T51STV.tif,2019,12,8,2019/12/8
726,LE07_120035_20191210.tif,2019,12,10,2019/12/10
727,LC08_120035_20191218.tif,2019,12,18,2019/12/18
728,LE07_120035_20191226.tif,2019,12,26,2019/12/26
729,20191228T025121_20191228T025604_T51STV.tif,2019,12,28,2019/12/28
730,LC08_120035_20200103.tif,2020,1,3,2020/1/3
731,20200112T025059_20200112T025053_T51STV.tif,2020,1,12,2020/1/12
732,20200117T025031_20200117T025230_T51STV.tif,2020,1,17,2020/1/17
733,LC08_120035_20200119.tif,2020,1,19,2020/1/19
734,20200216T024801_20200216T025538_T51STV.tif,2020,2,16,2020/2/16
735,LC08_120035_20200220.tif,2020,2,20,2020/2/20
736,20200226T024651_20200226T024744_T51STV.tif,2020,2,26,2020/2/26
737,LC08_120035_20200307.tif,2020,3,7,2020/3/7
738,20200312T024549_20200312T024852_T51STV.tif,2020,3,12,2020/3/12
739,LE07_120035_20200315.tif,2020,3,15,2020/3/15
740,20200317T024541_20200317T025335_T51STV.tif,2020,3,17,2020/3/17
741,20200322T024549_20200322T024852_T51STV.tif,2020,3,22,2020/3/22
742,LC08_120035_20200323.tif,2020,3,23,2020/3/23
743,20200401T024549_20200401T025705_T51STV.tif,2020,4,1,2020/4/1
744,20200421T024539_20200421T025119_T51STV.tif,2020,4,21,2020/4/21
745,LC08_120035_20200424.tif,2020,4,24,2020/4/24
746,20200426T024551_20200426T024638_T51STV.tif,2020,4,26,2020/4/26
747,20200506T024551_20200506T025705_T51STV.tif,2020,5,6,2020/5/6
748,LC08_120035_20200510.tif,2020,5,10,2020/5/10
749,LE07_120035_20200518.tif,2020,5,18,2020/5/18
750,LE07_120035_20200603.tif,2020,6,3,2020/6/3
751,LC08_120035_20200627.tif,2020,6,27,2020/6/27
752,20200710T024549_20200710T025332_T51STV.tif,2020,7,10,2020/7/10
753,20200715T024551_20200715T025520_T51STV.tif,2020,7,15,2020/7/15
754,20200720T024549_20200720T025126_T51STV.tif,2020,7,20,2020/7/20
755,LC08_120035_20200729.tif,2020,7,29,2020/7/29
756,20200819T024549_20200819T025732_T51STV.tif,2020,8,19,2020/8/19
757,20200829T024549_20200829T025352_T51STV.tif,2020,8,29,2020/8/29
758,20200903T024551_20200903T025058_T51STV.tif,2020,9,3,2020/9/3
759,LE07_120035_20200907.tif,2020,9,7,2020/9/7
760,20200918T024549_20200918T025730_T51STV.tif,2020,9,18,2020/9/18
761,20200928T024549_20200928T025352_T51STV.tif,2020,9,28,2020/9/28
762,LC08_120035_20201001.tif,2020,10,1,2020/10/1
763,20201008T024619_20201008T025417_T51STV.tif,2020,10,8,2020/10/8
764,LE07_120035_20201009.tif,2020,10,9,2020/10/9
765,LC08_120035_20201017.tif,2020,10,17,2020/10/17
766,20201023T024751_20201023T024754_T51STV.tif,2020,10,23,2020/10/23
767,LE07_120035_20201025.tif,2020,10,25,2020/10/25
768,20201102T024851_20201102T025647_T51STV.tif,2020,11,2,2020/11/2
769,20201107T024919_20201107T025722_T51STV.tif,2020,11,7,2020/11/7
770,LE07_120035_20201110.tif,2020,11,10,2020/11/10
771,20201112T024951_20201112T024945_T51STV.tif,2020,11,12,2020/11/12
772,LC08_120035_20201204.tif,2020,12,4,2020/12/4
773,20201207T025109_20201207T025108_T51STV.tif,2020,12,7,2020/12/7
774,LE07_120035_20201212.tif,2020,12,12,2020/12/12
775,20201212T025121_20201212T025115_T51STV.tif,2020,12,12,2020/12/12
776,20201217T025119_20201217T025120_T51STV.tif,2020,12,17,2020/12/17
777,LC08_120035_20201220.tif,2020,12,20,2020/12/20
778,20201222T025131_20201222T025126_T51STV.tif,2020,12,22,2020/12/22
779,20201227T025119_20201227T025122_T51STV.tif,2020,12,27,2020/12/27
780,20210101T025121_20210101T025530_T51STV.tif,2021,1,1,2021/1/1
781,LC08_120035_20210105.tif,2021,1,5,2021/1/5
782,20210106T025109_20210106T025110_T51STV.tif,2021,1,6,2021/1/6
783,20210111T025101_20210111T025100_T51STV.tif,2021,1,11,2021/1/11
784,LE07_120035_20210113.tif,2021,1,13,2021/1/13
785,20210126T024959_20210126T025002_T51STV.tif,2021,1,26,2021/1/26
786,LE07_120035_20210129.tif,2021,1,29,2021/1/29
787,20210131T024941_20210131T024937_T51STV.tif,2021,1,31,2021/1/31
788,LC08_120035_20210206.tif,2021,2,6,2021/2/6
789,20210210T024841_20210210T024839_T51STV.tif,2021,2,10,2021/2/10
790,20210215T024809_20210215T024807_T51STV.tif,2021,2,15,2021/2/15
791,20210220T024731_20210220T024734_T51STV.tif,2021,2,20,2021/2/20
792,LC08_120035_20210222.tif,2021,2,22,2021/2/22
793,LE07_120035_20210302.tif,2021,3,2,2021/3/2
794,20210302T024631_20210302T024715_T51STV.tif,2021,3,2,2021/3/2
795,20210307T024549_20210307T025351_T51STV.tif,2021,3,7,2021/3/7
796,LC08_120035_20210310.tif,2021,3,10,2021/3/10
797,20210312T024551_20210312T025729_T51STV.tif,2021,3,12,2021/3/12
798,20210317T024549_20210317T025739_T51STV.tif,2021,3,17,2021/3/17
799,LE07_120035_20210318.tif,2021,3,18,2021/3/18
800,20210322T024551_20210322T025728_T51STV.tif,2021,3,22,2021/3/22
801,LC08_120035_20210326.tif,2021,3,26,2021/3/26
802,20210406T024549_20210406T025346_T51STV.tif,2021,4,6,2021/4/6
803,LE07_120035_20210419.tif,2021,4,19,2021/4/19
804,20210501T024541_20210501T024634_T51STV.tif,2021,5,1,2021/5/1
805,LE07_120035_20210505.tif,2021,5,5,2021/5/5
806,LE07_120035_20210521.tif,2021,5,21,2021/5/21
807,20210521T024551_20210521T025729_T51STV.tif,2021,5,21,2021/5/21
808,LC08_120035_20210529.tif,2021,5,29,2021/5/29
809,20210605T024549_20210605T025350_T51STV.tif,2021,6,5,2021/6/5
810,20210620T024551_20210620T025729_T51STV.tif,2021,6,20,2021/6/20
811,20210710T024551_20210710T025732_T50SQE.tif,2021,7,10,2021/7/10
812,LC08_120035_20210801.tif,2021,8,1,2021/8/1
813,20210804T024549_20210804T025350_T50SQE.tif,2021,8,4,2021/8/4
814,20210814T024549_20210814T025740_T50SQE.tif,2021,8,14,2021/8/14
815,LC08_120035_20210817.tif,2021,8,17,2021/8/17
816,20210819T024551_20210819T025731_T50SQE.tif,2021,8,19,2021/8/19
817,LC08_120035_20210902.tif,2021,9,2,2021/9/2
818,20210908T024551_20210908T025158_T50SQE.tif,2021,9,8,2021/9/8
819,20210913T024539_20210913T025736_T50SQE.tif,2021,9,13,2021/9/13
820,20211013T024649_20211013T024644_T50SQE.tif,2021,10,13,2021/10/13
821,20211023T024749_20211023T025552_T50SQE.tif,2021,10,23,2021/10/23
822,20211112T024939_20211112T024939_T50SQE.tif,2021,11,12,2021/11/12
823,LC09_119035_20211114.tif,2021,11,14,2021/11/14
824,LC09_120035_20211119.tif,2021,11,19,2021/11/19
825,20211122T025019_20211122T025021_T51STV.tif,2021,11,22,2021/11/22
826,LC09_120035_20211124.tif,2021,11,24,2021/11/24
827,20211127T025031_20211127T025409_T50SQE.tif,2021,11,27,2021/11/27
828,20211202T025049_20211202T025052_T50SQE.tif,2021,12,2,2021/12/2
829,LC08_120035_20211207.tif,2021,12,7,2021/12/7
830,20211207T025111_20211207T025109_T50SQE.tif,2021,12,7,2021/12/7
831,20211212T025119_20211212T025113_T50SQE.tif,2021,12,12,2021/12/12
832,LC09_120035_20211215.tif,2021,12,15,2021/12/15
833,20211217T025131_20211217T025125_T50SQE.tif,2021,12,17,2021/12/17
834,20211227T025131_20211227T025412_T50SQE.tif,2021,12,27,2021/12/27
835,LC09_120035_20211231.tif,2021,12,31,2021/12/31
836,20220106T025111_20220106T025113_T50SQE.tif,2022,1,6,2022/1/6
837,20220111T025059_20220111T025055_T50SQE.tif,2022,1,11,2022/1/11
838,20220116T025051_20220116T025045_T50SQE.tif,2022,1,16,2022/1/16
839,LC09_120035_20220116.tif,2022,1,16,2022/1/16
840,20220121T025019_20220121T025020_T51STV.tif,2022,1,21,2022/1/21
841,LC09_120035_20220201.tif,2022,2,1,2022/2/1
842,20220205T024911_20220205T025041_T50SQE.tif,2022,2,5,2022/2/5
843,20220210T024839_20220210T025625_T50SQE.tif,2022,2,10,2022/2/10
844,20220215T024811_20220215T024810_T50SQE.tif,2022,2,15,2022/2/15
845,20220220T024729_20220220T025520_T50SQE.tif,2022,2,20,2022/2/20
846,20220225T024711_20220225T025345_T50SQE.tif,2022,2,25,2022/2/25
847,20220302T024629_20220302T025427_T50SQE.tif,2022,3,2,2022/3/2
848,LC09_120035_20220305.tif,2022,3,5,2022/3/5
849,20220307T024601_20220307T025334_T50SQE.tif,2022,3,7,2022/3/7
850,20220327T024551_20220327T025229_T50SQE.tif,2022,3,27,2022/3/27
851,20220406T024551_20220406T025325_T50SQE.tif,2022,4,6,2022/4/6
852,LC09_120035_20220406.tif,2022,4,6,2022/4/6
853,20220411T024539_20220411T025331_T50SQE.tif,2022,4,11,2022/4/11
854,20220416T024551_20220416T025327_T50SQE.tif,2022,4,16,2022/4/16
855,20220421T024539_20220421T025344_T50SQE.tif,2022,4,21,2022/4/21
856,LC09_120035_20220422.tif,2022,4,22,2022/4/22
857,20220506T024551_20220506T025306_T50SQE.tif,2022,5,6,2022/5/6
858,LC09_120035_20220508.tif,2022,5,8,2022/5/8
859,20220516T024551_20220516T025329_T50SQE.tif,2022,5,16,2022/5/16
860,20220521T024549_20220521T025335_T50SQE.tif,2022,5,21,2022/5/21
