Image no,Image name,Previous high tidal height/m,Instantaneous tidal height/m
1,LT05_120035_19840507.tif,1.102673333,1.092765989
2,LT05_120035_19840827.tif,2.10339,-0.697723306
3,LT05_120035_19841030.tif,1.36755,0.764434891
4,LT05_120035_19850323.tif,1.373466667,-0.75341267
5,LT05_120035_19850408.tif,1.818176667,-0.076745597
6,LT05_120035_19850713.tif,1.16072,0.123473084
7,LT05_120035_19851102.tif,1.354353333,-0.121410828
8,LT05_120035_19860121.tif,0.67542,-0.846475656
9,LT05_120035_19860206.tif,0.81647,-1.628993464
10,LT05_120035_19860310.tif,1.569983333,-1.997062455
11,LT05_120035_19860326.tif,1.645116667,-1.78184801
12,LT05_120035_19860411.tif,1.430446667,-0.422193713
13,LT05_120035_19860427.tif,1.77216,0.193222662
14,LT05_120035_19860513.tif,1.308093333,0.672651828
15,LT05_120035_19860902.tif,1.393003333,-0.461625945
16,LT05_120035_19860918.tif,1.98815,-0.965964014
17,LT05_120035_19861004.tif,1.893676667,-1.121712341
18,LT05_120035_19861105.tif,1.712763333,-0.518102413
19,LT05_120035_19861207.tif,1.511123333,0.905096083
20,LT05_120035_19861223.tif,0.88692,0.501744002
21,LT05_120035_19870108.tif,0.8394,0.11033783
22,LT05_120035_19870124.tif,0.95048,0.261240634
23,LT05_120035_19870225.tif,0.878283333,-1.669534222
24,LT05_120035_19870313.tif,0.968743333,-1.606466178
25,LT05_120035_19871007.tif,1.955816667,-1.432366773
26,LT05_120035_19871108.tif,1.561033333,-0.820465247
27,LT05_120035_19871210.tif,1.168143333,-0.03001685
28,LT05_120035_19871226.tif,1.56633,0.897777775
29,LT05_120035_19880111.tif,0.91431,0.559619755
30,LT05_120035_19880127.tif,0.80556,0.122116717
31,LT05_120035_19880331.tif,1.097413333,-1.518226878
32,LT05_120035_19880502.tif,1.524396667,-1.072124902
33,LT05_120035_19880603.tif,1.63307,0.526521079
34,LT05_120035_19880705.tif,1.81917,1.773790189
35,LT05_120035_19881009.tif,1.40602,-1.037150313
36,LT05_120035_19881025.tif,1.822326667,-1.820093024
37,LT05_120035_19881110.tif,1.469476667,-1.612516966
38,LT05_120035_19881126.tif,1.628506667,-0.95627248
39,LT05_120035_19881212.tif,1.3847,-0.756249802
40,LT05_120035_19890113.tif,1.55424,0.875012295
41,LT04_120035_19890121.tif,1.33804,-2.102418614
42,LT05_120035_19890129.tif,0.90014,0.609318832
43,LT04_120035_19890206.tif,1.36171,-2.087764758
44,LT05_120035_19890214.tif,0.73641,0.139015731
45,LT04_120035_19890310.tif,1.899363333,-0.676653927
46,LT05_120035_19890403.tif,1.0933,-1.449605094
47,LT05_120035_19890505.tif,1.755176667,-1.51052282
48,LT05_120035_19890521.tif,1.48503,-0.67184369
49,LT05_120035_19890606.tif,1.90761,0.466828707
50,LT05_120035_19890622.tif,1.60423,0.672722679
51,LT05_120035_19890809.tif,1.29223,1.262315268
52,LT05_120035_19891012.tif,1.50356,-0.856874017
53,LT05_120035_19891028.tif,1.354296667,-1.363945196
54,LT05_120035_19891113.tif,1.682216667,-2.080575457
55,LT05_120035_19891215.tif,1.74964,-0.897644317
56,LT05_120035_19900116.tif,1.29476,0.443967357
57,LT05_120035_19900201.tif,1.45284,0.899543944
58,LT05_120035_19900305.tif,0.785186667,0.16972474
59,LT05_120035_19900508.tif,1.279636667,-1.088631927
60,LT05_120035_19900524.tif,1.66491,-1.118771558
61,LT05_120035_19900609.tif,1.52487,-0.305078557
62,LT05_120035_19900812.tif,1.75007,1.484995208
63,LT05_120035_19900913.tif,1.122696667,0.765227093
64,LT05_120035_19901015.tif,1.40694,-0.725935498
65,LT05_120035_19901031.tif,1.391776667,-1.113944342
66,LT05_120035_19901116.tif,1.288943333,-1.63397612
67,LT05_120035_19901218.tif,1.26979,-1.475475156
68,LT05_120035_19910204.tif,1.38794,0.661388344
69,LT05_120035_19910220.tif,1.385196667,0.844082277
70,LT05_120035_19910628.tif,1.58515,-0.128782473
71,LT05_120035_19910714.tif,2.29449,0.557947551
72,LT05_120035_19910831.tif,1.566506667,1.163072718
73,LT05_120035_19910916.tif,1.059696667,0.939891368
74,LT05_120035_19911018.tif,0.85327,-0.025283335
75,LT05_120035_19911103.tif,1.37665,-0.892821607
76,LT05_120035_19911119.tif,1.229883333,-1.290643112
77,LT05_120035_19911205.tif,1.260476667,-1.895794866
78,LT05_120035_19911221.tif,1.30478,-2.162309554
79,LT05_120035_19920122.tif,1.90602,-0.921473286
80,LT05_120035_19920207.tif,1.30524,-0.179390223
81,LT05_120035_19920326.tif,0.897176667,0.599128589
82,LT05_120035_19920411.tif,0.958326667,0.493459537
83,LT05_120035_19920427.tif,0.78984,-0.218929553
84,LT05_120035_19920513.tif,1.363323333,-0.750259538
85,LT05_120035_19920529.tif,1.273903333,-0.711623163
86,LT05_120035_19920630.tif,1.68591,-0.631122198
87,LT05_120035_19920801.tif,2.34071,0.34337259
88,LT05_120035_19920817.tif,1.667573333,0.654826437
89,LT05_120035_19920918.tif,1.40162,0.91341049
90,LT05_120035_19921020.tif,1.057403333,0.599685172
91,LT05_120035_19921121.tif,1.31972,-1.022914005
92,LT05_120035_19921223.tif,1.28468,-2.068090816
93,LT05_120035_19930124.tif,1.37861,-1.230858426
94,LT05_120035_19930209.tif,1.89149,-0.855713868
95,LT05_120035_19930225.tif,1.326723333,0.044510018
96,LT05_120035_19930329.tif,1.130356667,0.825667295
97,LT05_120035_19930414.tif,1.057926667,0.645064177
98,LT05_120035_19930921.tif,1.73713,1.115846532
99,LT05_120035_19931007.tif,1.192456667,0.711964259
100,LT05_120035_19931108.tif,1.012573333,0.499964042
101,LT05_120035_19931124.tif,0.88576,-0.566956916
102,LT05_120035_19931226.tif,0.96919,-1.562300443
103,LT05_120035_19940111.tif,1.35715,-2.216074319
104,LT05_120035_19940212.tif,1.50292,-1.087783153
105,LT05_120035_19940228.tif,1.845843333,-0.738687217
106,LT05_120035_19940316.tif,1.335463333,0.281822678
107,LT05_120035_19940519.tif,1.142166667,0.774469933
108,LT05_120035_19940706.tif,1.24131,-0.495210278
109,LT05_120035_19940807.tif,1.74337,-0.534676145
110,LT05_120035_19940924.tif,1.56011,0.50106443
111,LT05_120035_19941026.tif,1.066483333,0.627403365
112,LT05_120035_19941213.tif,0.872113333,-0.843966792
113,LT05_120035_19941229.tif,1.07705,-1.108242904
114,LT05_120035_19950114.tif,0.92325,-1.649900487
115,LT05_120035_19950215.tif,1.25659,-1.645675134
116,LT05_120035_19950319.tif,1.740743333,-0.391284944
117,LT05_120035_19950404.tif,1.336133333,0.633917189
118,LT05_120035_19950420.tif,1.549236667,1.380861666
119,LT05_120035_19950506.tif,1.16107,0.999684883
120,LT05_120035_19950522.tif,1.491106667,0.804862059
121,LT05_120035_19950810.tif,2.01248,-0.843712074
122,LT05_120035_19950826.tif,1.725823333,-0.472873219
123,LT05_120035_19950911.tif,2.007003333,-0.033352727
124,LT05_120035_19950927.tif,1.92056,-0.055794954
125,LT05_120035_19960202.tif,0.91692,-1.680724568
126,LT05_120035_19960218.tif,1.50606,-2.224768533
127,LT05_120035_19960305.tif,1.300196667,-1.373180027
128,LT05_120035_19960406.tif,1.62148,-0.169729206
129,LT05_120035_19960422.tif,1.394083333,0.89294185
130,LT05_120035_19960508.tif,1.597136667,1.422120489
131,LT05_120035_19960524.tif,1.23822,1.094505585
132,LT05_120035_19960913.tif,1.677286667,-0.703213329
133,LT05_120035_19960929.tif,2.054963333,-0.512436621
134,LT05_120035_19961202.tif,0.951046667,0.546949347
135,LT05_120035_19970119.tif,0.89096,-1.092183782
136,LT05_120035_19970204.tif,0.79754,-1.056091877
137,LT05_120035_19970220.tif,1.046386667,-1.764101033
138,LT05_120035_19970324.tif,1.34113,-1.333525558
139,LT05_120035_19970409.tif,1.88443,-0.744352095
140,LT05_120035_19970425.tif,1.568933333,-0.183853208
141,LT05_120035_19970527.tif,1.59384,1.333550484
142,LT05_120035_19970612.tif,1.28465,1.200387748
143,LT05_120035_19970628.tif,1.64927,1.286467047
144,LT05_120035_19970730.tif,1.34794,-0.078191383
145,LT05_120035_19970815.tif,1.19543,-0.023336226
146,LT05_120035_19970916.tif,2.021686667,-1.323821153
147,LT05_120035_19971002.tif,1.590023333,-0.955155272
148,LT05_120035_19971018.tif,2.05173,-0.985565102
149,LT05_120035_19971103.tif,1.53774,-0.713251764
150,LT05_120035_19971221.tif,0.97773,0.522154649
151,LT05_120035_19980106.tif,1.20875,0.686841458
152,LT05_120035_19980122.tif,0.73565,0.060517781
153,LT05_120035_19980207.tif,0.86643,-1.018401104
154,LT05_120035_19980514.tif,1.550186667,-0.041743722
155,LT05_120035_19980530.tif,1.69008,1.254971929
156,LT05_120035_19980615.tif,1.55802,1.254385287
157,LT05_120035_19980818.tif,1.34987,-0.016768116
158,LT05_120035_19980903.tif,1.19636,-0.165596708
159,LT05_120035_19980919.tif,1.673816667,-0.981049792
160,LT05_120035_19981005.tif,1.920873333,-1.494674167
161,LT05_120035_19981021.tif,1.50657,-1.1487175
162,LT05_120035_19981106.tif,1.97279,-1.294736277
163,LT05_120035_19981122.tif,1.409363333,-0.801596664
164,LT05_120035_19981208.tif,1.624806667,0.356176502
165,LT05_120035_19981224.tif,1.20817,0.291059381
166,LT05_120035_19990109.tif,0.9969,0.548251334
167,LT05_120035_19990125.tif,1.12433,0.7293732
168,LT05_120035_19990330.tif,1.40513,-1.779285406
169,LT05_120035_19990415.tif,1.60741,-1.912565665
170,LT05_120035_19990501.tif,1.465443333,-0.936018666
171,LT05_120035_19990618.tif,1.89077,1.47809939
172,LT05_120035_19990704.tif,1.52283,1.263639449
173,LT05_120035_19990805.tif,1.60852,1.408531871
174,LT05_120035_19990922.tif,1.239736667,-0.422411592
175,LT05_120035_19991008.tif,1.736653333,-1.264494075
176,LT05_120035_19991024.tif,1.77564,-1.646460206
177,LT05_120035_19991109.tif,1.43308,-1.286566404
178,LT05_120035_19991211.tif,1.329226667,-0.708403683
179,LE07_120035_19991219.tif,1.15811,-0.56696466
180,LT05_120035_19991227.tif,1.69958,0.492635227
181,LE07_120035_20000120.tif,1.3304,-2.213699593
182,LT05_120035_20000128.tif,0.99993,0.585455176
183,LE07_120035_20000221.tif,1.86033,-1.683477216
184,LT05_120035_20000229.tif,0.556186667,-0.259351617
185,LE07_120035_20000308.tif,1.520796667,-1.063182208
186,LT05_120035_20000316.tif,0.873273333,-0.9120723
187,LT05_120035_20000503.tif,1.60304,-1.61272085
188,LE07_120035_20000511.tif,1.380676667,1.123133343
189,LT05_120035_20000519.tif,1.566716667,-0.653681918
190,LT05_120035_20000604.tif,1.923836667,-0.265248921
191,LE07_120035_20000612.tif,1.37325,-0.037750455
192,LT05_120035_20000706.tif,2.02718,1.601087928
193,LE07_120035_20000730.tif,1.81118,-0.787265544
194,LT05_120035_20000908.tif,0.984223333,0.362127213
195,LE07_120035_20000916.tif,1.812916667,-0.345647677
196,LE07_120035_20001002.tif,1.584503333,0.320115962
197,LE07_120035_20001018.tif,1.58961,0.308117127
198,LT05_120035_20001026.tif,1.765563333,-1.541366268
199,LE07_120035_20001103.tif,1.01052,0.494375654
200,LT05_120035_20001127.tif,1.4583,-1.454720946
201,LE07_120035_20001205.tif,0.795776667,0.205245262
202,LT05_120035_20001213.tif,1.662213333,-1.511810519
203,LE07_120035_20001221.tif,1.06079,-0.609516508
204,LT05_120035_20001229.tif,1.28211,-0.626438668
205,LT05_120035_20010114.tif,1.75062,0.47593268
206,LT05_120035_20010130.tif,1.09639,0.421787378
207,LE07_120035_20010207.tif,1.2526,-2.208849242
208,LT05_120035_20010319.tif,0.662033333,-0.349040682
209,LT05_120035_20010404.tif,0.962073333,-0.751944362
210,LE07_120035_20010412.tif,1.41678,0.511947109
211,LT05_120035_20010420.tif,1.029436667,-1.116946128
212,LE07_120035_20010514.tif,1.161336667,1.026844335
213,LT05_120035_20010522.tif,1.574316667,-1.262813209
214,LT05_120035_20010607.tif,1.710946667,-0.419450162
215,LT05_120035_20010623.tif,1.85162,-0.075000809
216,LE07_120035_20010701.tif,1.43417,0.098331083
217,LE07_120035_20010717.tif,1.32705,0.200417476
218,LE07_120035_20010802.tif,1.5381,-0.560820139
219,LT05_120035_20010826.tif,1.471773333,1.189879783
220,LE07_120035_20010903.tif,1.62645,-0.592070562
221,LT05_120035_20010911.tif,1.203313333,1.045820879
222,LE07_120035_20010919.tif,2.268016667,-0.8423166
223,LT05_120035_20010927.tif,1.09701,0.119496896
224,LE07_120035_20011005.tif,1.632093333,-0.52544555
225,LT05_120035_20011029.tif,1.216783333,-0.962587101
226,LE07_120035_20011106.tif,1.36904,0.055039718
227,LT05_120035_20011114.tif,1.695993333,-1.781141532
228,LE07_120035_20011122.tif,1.012573333,0.477793741
229,LT05_120035_20011130.tif,1.41112,-1.857513855
230,LE07_120035_20011208.tif,1.234516667,0.713767962
231,LE07_120035_20011224.tif,0.78144,0.093238539
232,LT05_120035_20020117.tif,1.27699,-0.435970993
233,LE07_120035_20020210.tif,1.11653,-1.881349867
234,LT05_120035_20020218.tif,1.07151,0.546712097
235,LE07_120035_20020226.tif,1.270956667,-2.160007999
236,LT05_120035_20020306.tif,1.00738,0.68702231
237,LT05_120035_20020322.tif,0.831733333,0.620993367
238,LE07_120035_20020415.tif,1.46729,-0.497648431
239,LE07_120035_20020501.tif,1.531053333,0.859158286
240,LT05_120035_20020525.tif,1.714396667,-1.404091991
241,LE07_120035_20020618.tif,1.5307,1.383966112
242,LT05_120035_20020626.tif,1.88359,-0.15452938
243,LT05_120035_20020712.tif,1.82659,0.159822064
244,LE07_120035_20020720.tif,1.3742,0.27620066
245,LT05_120035_20020813.tif,2.01775,1.398632914
246,LE07_120035_20020906.tif,1.8224,-0.868110173
247,LE07_120035_20020922.tif,1.629046667,-0.764348319
248,LT05_120035_20020930.tif,0.88982,0.739495748
249,LE07_120035_20021008.tif,2.134573333,-1.206149969
250,LT05_120035_20021016.tif,1.201676667,-0.150475279
251,LE07_120035_20021024.tif,1.50576,-0.727973194
252,LT05_120035_20021101.tif,1.323316667,-0.436007983
253,LE07_120035_20021109.tif,1.6287,0.123940141
254,LT05_120035_20021117.tif,1.158196667,-1.2548763
255,LE07_120035_20021125.tif,1.155463333,-0.06907479
256,LE07_120035_20021211.tif,1.056116667,0.523513719
257,LE07_120035_20021227.tif,1.17604,0.727503211
258,LT05_120035_20030104.tif,1.65253,-1.586638508
259,LE07_120035_20030112.tif,0.72225,-0.024062994
260,LE07_120035_20030128.tif,0.84387,-0.595414664
261,LT05_120035_20030205.tif,1.34054,-0.152975997
262,LE07_120035_20030213.tif,0.60219,-0.910709983
263,LT05_120035_20030309.tif,1.02213,0.695238201
264,LE07_120035_20030317.tif,1.326996667,-2.052147856
265,LT05_120035_20030410.tif,0.765693333,0.514050037
266,LE07_120035_20030520.tif,1.703683333,1.152979504
267,LE07_120035_20030925.tif,1.774436667,-1.074980404
268,LT05_120035_20031019.tif,0.727266667,0.450968617
269,LE07_120035_20031027.tif,1.89788,-1.529466448
270,LT05_120035_20031104.tif,1.244656667,-0.276485533
271,LE07_120035_20031112.tif,1.41833,-0.869883426
272,LT05_120035_20031206.tif,1.08542,-1.463959077
273,LE07_120035_20031214.tif,0.994616667,-0.042702359
274,LT05_120035_20031222.tif,1.31655,-1.990412065
275,LT05_120035_20040107.tif,1.15239,-1.837869614
276,LT05_120035_20040208.tif,1.32048,-1.091968432
277,LT05_120035_20040224.tif,1.42614,-0.020476805
278,LE07_120035_20040303.tif,0.63886,-1.040538919
279,LT05_120035_20040311.tif,1.562636667,0.427698446
280,LE07_120035_20040319.tif,1.468203333,-2.038031828
281,LE07_120035_20040404.tif,1.390883333,-1.859897848
282,LT05_120035_20040428.tif,0.742113333,0.462749869
283,LE07_120035_20040506.tif,1.8389,-0.946405865
284,LT05_120035_20040514.tif,1.312626667,-0.29095849
285,LE07_120035_20040522.tif,1.476286667,0.112855877
286,LE07_120035_20040709.tif,1.66637,1.380375533
287,LE07_120035_20040911.tif,1.192633333,-0.200047907
288,LE07_120035_20040927.tif,1.89291,-1.096954544
289,LT05_120035_20041005.tif,1.121833333,0.700629482
290,LE07_120035_20041013.tif,1.657906667,-1.334912418
291,LT05_120035_20041106.tif,0.71159,0.263511685
292,LE07_120035_20041114.tif,1.661773333,-1.709810826
293,LT05_120035_20041122.tif,1.194083333,-0.297348644
294,LE07_120035_20041130.tif,1.36172,-0.871497742
295,LT05_120035_20041208.tif,1.104656667,-0.559501325
296,LE07_120035_20041216.tif,1.69518,0.040837055
297,LT05_120035_20041224.tif,1.00687,-1.648602021
298,LE07_120035_20050101.tif,0.97296,0.101897764
299,LT05_120035_20050109.tif,1.0961,-1.956758073
300,LE07_120035_20050202.tif,1.04535,0.697331398
301,LT05_120035_20050210.tif,1.89862,-1.947340759
302,LE07_120035_20050218.tif,0.51544,-0.30364874
303,LT05_120035_20050226.tif,1.329906667,-0.979407862
304,LE07_120035_20050306.tif,0.60025,-0.510063029
305,LE07_120035_20050322.tif,0.812133333,-1.131062271
306,LT05_120035_20050415.tif,0.97741,0.874598652
307,LE07_120035_20050423.tif,1.432436667,-1.565305233
308,LE07_120035_20050509.tif,1.56708,-0.845054448
309,LT05_120035_20050602.tif,1.409633333,0.051982462
310,LT05_120035_20050720.tif,1.53698,-0.44504339
311,LE07_120035_20050813.tif,1.42502,1.300437004
312,LT05_120035_20050906.tif,1.71055,-0.161614861
313,LE07_120035_20050914.tif,1.128843333,0.28207404
314,LT05_120035_20050922.tif,1.769166667,0.31608768
315,LT05_120035_20051008.tif,1.517483333,0.061557339
316,LE07_120035_20051016.tif,1.849666667,-1.361816161
317,LT05_120035_20051024.tif,1.07629,0.58579754
318,LE07_120035_20051101.tif,1.509806667,-1.582012019
319,LE07_120035_20051117.tif,1.509256667,-1.672258717
320,LT05_120035_20051125.tif,0.743633333,0.149627348
321,LE07_120035_20051219.tif,1.34398,-0.771122738
322,LE07_120035_20060120.tif,1.0114,0.263438684
323,LT05_120035_20060301.tif,1.941123333,-1.999003703
324,LE07_120035_20060309.tif,0.69018,-0.387245721
325,LE07_120035_20060325.tif,0.665713333,-0.476434792
326,LT05_120035_20060402.tif,1.522826667,0.348100035
327,LT05_120035_20060418.tif,1.30239,0.402635749
328,LE07_120035_20060426.tif,1.634456667,-1.668799693
329,LT05_120035_20060520.tif,1.268703333,1.194713452
330,LE07_120035_20060528.tif,1.745646667,-0.571518521
331,LE07_120035_20060731.tif,1.40831,1.131379998
332,LT05_120035_20060808.tif,1.54603,-0.429602922
333,LT05_120035_20060909.tif,2.3128,-1.007055142
334,LE07_120035_20060917.tif,1.221013333,0.277123434
335,LE07_120035_20061003.tif,1.12936,0.080238648
336,LT05_120035_20061011.tif,1.713513333,-0.012564001
337,LT05_120035_20061027.tif,1.30397,-0.227462247
338,LE07_120035_20061104.tif,1.686076667,-1.562792273
339,LT05_120035_20061112.tif,1.14847,0.578814261
340,LT05_120035_20061128.tif,1.065393333,0.638578485
341,LT05_120035_20061214.tif,0.744976667,0.064695404
342,LE07_120035_20061222.tif,1.31633,-1.601147293
343,LE07_120035_20070107.tif,1.4113,-0.614426739
344,LT05_120035_20070131.tif,1.12787,-1.950035162
345,LT05_120035_20070320.tif,1.865356667,-1.884784752
346,LE07_120035_20070413.tif,0.789613333,-0.405256167
347,LT05_120035_20070421.tif,1.59411,0.598051231
348,LT05_120035_20070507.tif,1.196793333,0.538498221
349,LE07_120035_20070616.tif,1.9371,-0.39966267
350,LE07_120035_20070904.tif,1.300596667,1.137066241
351,LE07_120035_20071022.tif,1.130246667,-0.130227957
352,LE07_120035_20071107.tif,1.181476667,-1.118766849
353,LE07_120035_20071123.tif,1.525826667,-1.679378845
354,LE07_120035_20071209.tif,1.18828,-1.863887258
355,LE07_120035_20071225.tif,1.65575,-2.070451961
356,LE07_120035_20080126.tif,1.53641,-0.453593029
357,LT05_120035_20080203.tif,0.60397,-0.950551244
358,LT05_120035_20080219.tif,1.252853333,-2.052019883
359,LE07_120035_20080227.tif,1.00715,0.567287917
360,LT05_120035_20080306.tif,1.10611,-1.855106385
361,LE07_120035_20080314.tif,1.002746667,0.846830768
362,LT05_120035_20080407.tif,1.806533333,-1.506647383
363,LT05_120035_20080423.tif,1.455886667,-0.186137264
364,LE07_120035_20080501.tif,0.953063333,-0.26841375
365,LT05_120035_20080525.tif,1.147916667,0.764437198
366,LE07_120035_20080602.tif,1.524683333,-0.827672711
367,LT05_120035_20080626.tif,1.4116,1.381749048
368,LT05_120035_20080712.tif,1.13091,0.676009351
369,LT05_120035_20080813.tif,1.13942,0.057201546
370,LT05_120035_20080829.tif,1.864163333,-0.746420532
371,LE07_120035_20080906.tif,1.26023,0.926727889
372,LE07_120035_20081024.tif,1.30115,0.071921746
373,LE07_120035_20081109.tif,1.09821,-0.3340097
374,LE07_120035_20081125.tif,1.140123333,-1.404587488
375,LE07_120035_20081211.tif,1.285186667,-1.730426742
376,LE07_120035_20081227.tif,1.20171,-1.89122498
377,LE07_120035_20090112.tif,1.73146,-2.169846696
378,LE07_120035_20090128.tif,1.22535,-1.225031507
379,LT05_120035_20090221.tif,0.64837,-1.132292878
380,LE07_120035_20090301.tif,1.482303333,0.024411752
381,LT05_120035_20090309.tif,1.34286,-2.042266365
382,LE07_120035_20090317.tif,0.967016667,0.742269081
383,LT05_120035_20090325.tif,1.210083333,-1.699794722
384,LE07_120035_20090402.tif,1.022726667,0.925412944
385,LT05_120035_20090410.tif,1.583903333,-1.353999811
386,LT05_120035_20090426.tif,1.694146667,-1.081078272
387,LE07_120035_20090504.tif,1.282553333,0.064272548
388,LT05_120035_20090512.tif,1.51756,0.142260833
389,LT05_120035_20090613.tif,1.252496667,0.946904057
390,LT05_120035_20090629.tif,1.78186,1.548764971
391,LT05_120035_20090715.tif,1.44138,1.381505829
392,LT05_120035_20090731.tif,1.12155,0.63967588
393,LT05_120035_20090816.tif,1.140086667,0.715364139
394,LT05_120035_20090901.tif,1.227086667,-0.176944179
395,LE07_120035_20090909.tif,1.70103,0.309103189
396,LT05_120035_20090917.tif,1.888603333,-0.957412024
397,LT05_120035_20091003.tif,1.54906,-1.199317062
398,LT05_120035_20091019.tif,1.735916667,-1.558329007
399,LE07_120035_20091027.tif,0.77218,0.380620077
400,LT05_120035_20091120.tif,1.506796667,-0.830352418
401,LT05_120035_20091206.tif,1.62945,-0.278161792
402,LE07_120035_20091230.tif,1.06277,-1.73913391
403,LT05_120035_20100123.tif,0.98682,0.620235496
404,LE07_120035_20100131.tif,1.76553,-2.220957542
405,LE07_120035_20100216.tif,1.260783333,-1.0583393
406,LT05_120035_20100312.tif,0.82728,-1.185202032
407,LT05_120035_20100413.tif,1.281813333,-1.464012266
408,LT05_120035_20100429.tif,1.663936667,-1.163298386
409,LE07_120035_20100507.tif,0.886943333,0.531085032
410,LE07_120035_20100726.tif,1.67358,-0.535591188
411,LT05_120035_20100803.tif,1.37571,1.267854497
412,LE07_120035_20100912.tif,2.05648,0.149915414
413,LT05_120035_20100920.tif,1.296463333,-0.469113693
414,LE07_120035_20100928.tif,1.522996667,0.053455538
415,LT05_120035_20101006.tif,1.79902,-1.187068477
416,LT05_120035_20101022.tif,1.447676667,-1.472564059
417,LE07_120035_20101030.tif,1.05253,0.648911599
418,LE07_120035_20101115.tif,0.82014,0.246229422
419,LE07_120035_20101201.tif,1.179903333,0.097109434
420,LT05_120035_20101209.tif,1.5698,-0.735130735
421,LE07_120035_20101217.tif,0.89155,-0.683431194
422,LT05_120035_20101225.tif,1.57302,-0.277737163
423,LE07_120035_20110102.tif,1.09712,-1.767708637
424,LT05_120035_20110110.tif,1.07892,0.270589728
425,LT05_120035_20110126.tif,1.30579,0.856952953
426,LE07_120035_20110203.tif,1.35166,-1.931334644
427,LT05_120035_20110211.tif,0.86866,0.568855248
428,LE07_120035_20110307.tif,1.330353333,-0.844766525
429,LE07_120035_20110323.tif,1.731836667,0.053909648
430,LT05_120035_20110331.tif,1.006683333,-1.18181051
431,LE07_120035_20110408.tif,1.280126667,0.271850955
432,LT05_120035_20110416.tif,1.515683333,-1.562091309
433,LT05_120035_20110518.tif,1.81004,-0.967093803
434,LE07_120035_20110611.tif,1.456353333,0.72445209
435,LE07_120035_20110627.tif,1.16893,0.126222701
436,LE07_120035_20110713.tif,1.54416,-0.481837214
437,LT05_120035_20110721.tif,1.45563,1.172139244
438,LE07_120035_20110729.tif,1.44844,-0.438378776
439,LE07_120035_20110814.tif,1.81687,-0.701831232
440,LT05_120035_20110822.tif,1.243446667,1.100607923
441,LT05_120035_20110923.tif,0.981423333,0.246187533
442,LE07_120035_20111017.tif,1.353413333,-0.059127709
443,LE07_120035_20111102.tif,1.382933333,0.825120367
444,LE07_120035_20111204.tif,0.855463333,0.124913389
445,LE07_120035_20120105.tif,0.79959,-0.864312315
446,LE07_120035_20120121.tif,1.11714,-1.840055487
447,LE07_120035_20120309.tif,1.70546,-1.920238453
448,LE07_120035_20120325.tif,1.390113333,-0.589611289
449,LE07_120035_20120426.tif,1.220996667,0.474944641
450,LE07_120035_20120528.tif,1.197416667,1.18430984
451,LE07_120035_20120816.tif,1.516656667,-0.589641805
452,LE07_120035_20120901.tif,1.938526667,-1.003037694
453,LE07_120035_20120917.tif,2.012333333,-1.257400137
454,LE07_120035_20121104.tif,1.242776667,-0.066231314
455,LE07_120035_20121206.tif,0.97803,0.53186258
456,LE07_120035_20130107.tif,0.98896,0.119860852
457,LE07_120035_20130123.tif,0.75026,-1.03820225
458,LC08_119035_20130320.tif,0.701456667,0.496091099
459,LC08_120035_20130407.tif,1.236413333,-1.047676156
460,LE07_120035_20130413.tif,1.496693333,-0.330553365
461,LC08_120035_20130421.tif,0.84193,-0.151306333
462,LE07_120035_20130515.tif,1.20835,0.694498988
463,LE07_120035_20130819.tif,1.709876667,-0.591607551
464,LC08_120035_20130827.tif,1.40658,1.092405661
465,LE07_120035_20131006.tif,1.77503,-1.393766061
466,LE07_120035_20131022.tif,1.650636667,-0.688990169
467,LE07_120035_20131107.tif,1.734996667,-0.484286655
468,LC08_120035_20131115.tif,1.35737,-1.286202966
469,LC08_120035_20131201.tif,1.343153333,-1.512221347
470,LC08_120035_20131217.tif,1.30581,-1.965296675
471,LC08_120035_20140102.tif,1.63928,-2.333421961
472,LC08_120035_20140118.tif,1.2776,-1.368682928
473,LE07_120035_20140126.tif,0.83526,0.060211047
474,LE07_120035_20140211.tif,0.74555,-1.191621518
475,LC08_120035_20140219.tif,1.318243333,-0.197367228
476,LC08_120035_20140307.tif,1.161763333,0.77697273
477,LE07_120035_20140315.tif,1.13926,-1.665961662
478,LC08_120035_20140424.tif,1.18109,0.37339939
479,LE07_120035_20140502.tif,1.622496667,-0.053049176
480,LC08_120035_20140510.tif,0.990773333,-0.12924552
481,LE07_120035_20140518.tif,1.74352,0.42738687
482,LC08_120035_20140526.tif,1.420793333,-0.797764655
483,LC08_120035_20140611.tif,1.421023333,-0.685662863
484,LC08_120035_20140627.tif,1.66,-0.75766383
485,LC08_120035_20140713.tif,2.07393,-0.819274053
486,LC08_120035_20140729.tif,1.67835,-0.148556446
487,LC08_120035_20140830.tif,1.6253,0.391381195
488,LC08_120035_20141001.tif,1.219106667,0.836575553
489,LC08_120035_20141017.tif,0.932853333,0.524618714
490,LE07_120035_20141025.tif,1.576976667,-1.479066914
491,LC08_120035_20141102.tif,1.232463333,0.372679556
492,LE07_120035_20141110.tif,1.699496667,-0.770861425
493,LC08_120035_20141118.tif,1.01795,-0.487445926
494,LE07_120035_20141126.tif,1.579866667,-0.592996774
495,LC08_120035_20141204.tif,1.352423333,-1.440593953
496,LE07_120035_20141212.tif,1.14069,0.132846171
497,LC08_120035_20141220.tif,1.17329,-1.622969245
498,LE07_120035_20141228.tif,1.42398,0.827133347
499,LC08_120035_20150206.tif,1.30577,-1.188566821
500,LE07_120035_20150214.tif,0.67936,-0.03616488
501,LC08_120035_20150222.tif,1.918363333,-0.515762179
502,LE07_120035_20150302.tif,0.921256667,-1.270939234
503,LC08_120035_20150310.tif,1.260353333,0.006703683
504,LC08_120035_20150326.tif,1.191846667,1.004789751
505,LE07_120035_20150403.tif,1.22802,-1.526234017
506,LC08_120035_20150411.tif,0.985616667,0.882901646
507,LE07_120035_20150505.tif,1.567806667,-0.949325849
508,LC08_120035_20150513.tif,1.260193333,0.572137419
509,LE07_120035_20150606.tif,1.71212,0.472797919
510,LC08_120035_20150614.tif,1.530793333,-0.658056943
511,LE07_120035_20150622.tif,1.42948,1.11264388
512,LE07_120035_20150708.tif,1.74079,1.626716054
513,LE07_120035_20150724.tif,1.33476,1.227587097
514,20150831T025726_20161009T195552_T51STV.tif,2.294906667,-1.254272706
515,LE07_120035_20150910.tif,1.455876667,-0.467261858
516,20150910T025726_20161017T163803_T51STV.tif,1.455876667,-0.356543372
517,LE07_120035_20150926.tif,1.676993333,-0.855163407
518,LC08_120035_20151004.tif,1.439396667,1.006311551
519,LE07_120035_20151012.tif,1.50906,-1.277395802
520,LC08_120035_20151020.tif,1.058263333,0.631772547
521,20151020T025732_20151020T025727_T51STV.tif,1.058263333,0.533307245
522,LE07_120035_20151028.tif,1.983016667,-1.98151488
523,LE07_120035_20151129.tif,1.762866667,-0.829560664
524,20151129T025722_20170509T093139_T51STV.tif,1.762866667,-1.132372412
525,LE07_120035_20151215.tif,1.41684,-0.645479748
526,20151229T025722_20151229T025722_T51STV.tif,1.52101,-0.86245874
527,LE07_120035_20151231.tif,1.21691,0.280016029
528,LC08_120035_20160108.tif,1.05091,-1.70404236
529,20160108T025112_20160108T025300_T51STV.tif,1.05091,-1.658977484
530,LE07_120035_20160116.tif,1.36778,0.771105961
531,20160118T025719_20160414T024941_T51STV.tif,1.07591,0.615837442
532,LC08_120035_20160124.tif,1.49928,-2.157812321
533,LE07_120035_20160201.tif,0.81933,0.478943714
534,20160207T024902_20160207T025602_T51STV.tif,1.10841,-1.891951409
535,LC08_120035_20160209.tif,1.4951,-2.085933191
536,LE07_120035_20160217.tif,0.845176667,0.078619529
537,20160217T025718_20160217T082407_T51STV.tif,0.845176667,0.23419458
538,LC08_120035_20160225.tif,1.395223333,-1.002735291
539,LE07_120035_20160304.tif,0.554263333,-0.125130979
540,LC08_120035_20160312.tif,1.87472,-0.417891387
541,LE07_120035_20160320.tif,1.112436667,-1.290254714
542,LC08_120035_20160328.tif,1.228193333,0.223745937
543,20160328T025719_20160328T100633_T51STV.tif,1.228193333,0.002278363
544,LE07_120035_20160405.tif,1.279576667,-1.433764745
545,LC08_120035_20160413.tif,1.295843333,1.200601086
546,LC08_120035_20160429.tif,0.999596667,0.926678935
547,LE07_120035_20160507.tif,1.914593333,-1.593171264
548,LC08_120035_20160531.tif,1.306036667,0.724667235
549,20160606T025727_20160606T080340_T51STV.tif,2.00828,-1.081988139
550,LC08_120035_20160616.tif,1.18564,-0.125395304
551,20160616T024552_20160616T025728_T51STV.tif,1.18564,-0.052245374
552,LC08_120035_20160702.tif,1.57828,-0.499797841
553,LE07_120035_20160827.tif,1.28491,0.816029773
554,LE07_120035_20160912.tif,0.95774,0.413844584
555,20160914T025722_20160914T025719_T51STV.tif,1.392403333,-0.336582263
556,LC08_120035_20160920.tif,2.078763333,-0.117535372
557,LE07_120035_20161014.tif,1.587123333,-1.025050903
558,20161014T024652_20161014T025641_T51STV.tif,1.587123333,-0.979619326
559,LE07_120035_20161030.tif,1.47665,-1.509754288
560,20161103T024852_20161103T025456_T51STV.tif,1.47708,-0.889154359
561,LE07_120035_20161115.tif,1.85289,-2.171372243
562,LE07_120035_20161201.tif,1.412033333,-1.54347579
563,LE07_120035_20161217.tif,1.82276,-0.867595898
564,LE07_120035_20170102.tif,1.28097,-0.5749259
565,20170102T025112_20170102T025445_T51STV.tif,1.28097,-0.733909793
566,LC08_120035_20170110.tif,1.19782,-1.486666961
567,20170112T025051_20170112T025049_T51STV.tif,1.46829,-2.409634665
568,LC08_120035_20170126.tif,1.03053,-1.753153951
569,20170201T025721_20170201T025716_T51STV.tif,1.47615,-0.41197424
570,LC08_120035_20170211.tif,1.63483,-2.260265395
571,20170211T024831_20170211T025103_T51STV.tif,1.63483,-2.346292479
572,LC08_120035_20170227.tif,1.43873,-1.851777444
573,LE07_120035_20170307.tif,0.808233333,0.200810756
574,LC08_120035_20170315.tif,1.50229,-0.796543077
575,LE07_120035_20170323.tif,0.606616667,-0.231159685
576,20170323T025721_20170323T025715_T51STV.tif,0.606616667,-0.095620631
577,LC08_120035_20170331.tif,1.785853333,-0.29569868
578,20170402T024541_20170402T025302_T51STV.tif,1.413886667,0.86820364
579,20170412T025721_20170412T025721_T51STV.tif,1.48305,-1.425317605
580,20170422T024551_20170422T025553_T51STV.tif,0.872853333,-0.188993196
581,LE07_120035_20170424.tif,1.33598,-1.276562805
582,20170512T024551_20170512T025555_T51STV.tif,1.53092,-0.849325769
583,LC08_120035_20170518.tif,1.06856,0.98693993
584,LE07_120035_20170526.tif,1.906063333,-1.334833511
585,20170601T024551_20170601T025554_T51STV.tif,1.680866667,1.488290994
586,LC08_120035_20170603.tif,1.37005,0.684574398
587,LE07_120035_20170611.tif,1.576333333,-0.43539386
588,LC08_120035_20170619.tif,1.33037,0.812244363
589,LE07_120035_20170627.tif,2.11062,0.493979412
590,LC08_120035_20170705.tif,1.25913,-0.150649806
591,20170711T024551_20170711T025552_T51STV.tif,1.63851,-0.231910918
592,LE07_120035_20170713.tif,1.62289,0.60716366
593,LC08_120035_20170721.tif,1.52947,-0.351841081
594,20170726T025719_20170726T025722_T51STV.tif,2.19049,-0.096088768
595,LE07_120035_20170729.tif,1.5656,1.3449562
596,LC08_120035_20170806.tif,1.47795,-0.584893531
597,20170810T025721_20170810T025724_T51STV.tif,1.82008,-0.29483831
598,LC08_120035_20170822.tif,2.136676667,-1.007255032
599,LC08_120035_20170907.tif,1.869406667,-0.852316567
600,LC08_120035_20170923.tif,1.778913333,-0.36673716
601,LC08_120035_20171009.tif,1.90315,-0.389135786
602,20171024T024739_20171024T024947_T51STV.tif,1.4221,-0.326687404
603,LC08_120035_20171025.tif,1.311426667,0.135769089
604,20171029T025721_20171029T025722_T51STV.tif,0.805983333,0.43452945
605,LE07_120035_20171102.tif,1.471043333,-1.22497117
606,20171108T024921_20171108T025126_T51STV.tif,1.708613333,-0.412372233
607,20171123T025009_20171123T025106_T51STV.tif,1.265796667,-0.507767802
608,LC08_120035_20171126.tif,0.858246667,0.397244114
609,20171128T025041_20171128T025246_T51STV.tif,0.872963333,0.277788683
610,LE07_120035_20171204.tif,1.674973333,-2.233282688
611,20171208T025721_20171208T025717_T51STV.tif,1.680666667,-0.075405778
612,LC08_120035_20171212.tif,1.08623,0.195441091
613,20171218T025121_20171218T025325_T51STV.tif,1.28171,-1.941957588
614,LE07_120035_20171220.tif,1.35519,-1.499451725
615,LC08_120035_20171228.tif,0.9837,0.161628491
616,LE07_120035_20180105.tif,1.87387,-0.863262052
617,20180112T025049_20180112T025254_T51STV.tif,0.82938,-0.571472337
618,LC08_120035_20180113.tif,0.88051,-1.13468788
619,LC08_120035_20180129.tif,1.04259,-1.457879189
620,20180201T024929_20180201T025132_T51STV.tif,1.72128,-2.469670942
621,LE07_120035_20180206.tif,1.33496,0.618435157
622,20180211T024829_20180211T025320_T51STV.tif,0.69535,-0.713241918
623,LE07_120035_20180222.tif,1.224083333,0.711727974
624,20180226T024651_20180226T024652_T51STV.tif,0.777746667,-0.469389341
625,LC08_120035_20180302.tif,1.782296667,-2.325247295
626,LE07_120035_20180310.tif,0.650903333,0.412468358
627,20180313T024539_20180313T025637_T51STV.tif,0.695343333,-0.728243154
628,20180323T024539_20180323T025358_T51STV.tif,1.266306667,0.734078288
629,LE07_120035_20180326.tif,0.845766667,0.30187838
630,20180328T024651_20180328T024825_T51STV.tif,1.146083333,-0.95832281
631,20180402T024539_20180402T025132_T51STV.tif,1.747466667,-1.332231174
632,20180407T024551_20180407T025136_T51STV.tif,0.957973333,0.798897808
633,LE07_120035_20180411.tif,0.739916667,-0.332633799
634,20180417T024551_20180417T025640_T51STV.tif,1.693466667,-1.427595588
635,LC08_120035_20180419.tif,1.674303333,-0.151747385
636,LE07_120035_20180427.tif,1.45459,-1.18563171
637,20180427T024551_20180427T025641_T51STV.tif,1.45459,-1.110310478
638,LE07_120035_20180513.tif,1.385943333,-1.120335224
639,LC08_120035_20180521.tif,1.53754,1.464040595
640,20180601T024539_20180601T025121_T51STV.tif,1.601906667,-0.184398365
641,LC08_120035_20180606.tif,1.14309,1.050904749
642,20180606T024651_20180606T025556_T51STV.tif,1.14309,1.062070912
643,20180611T024549_20180611T025246_T51STV.tif,1.444733333,-0.481692175
644,20180621T024549_20180621T025018_T51STV.tif,1.64138,1.349661183
645,20180706T024551_20180706T025126_T51STV.tif,1.30979,1.275269384
646,LC08_120035_20180809.tif,1.50322,-0.281051937
647,20180810T024539_20180810T025301_T51STV.tif,1.80706,-0.70100796
648,LC08_120035_20180825.tif,1.544756667,-0.660984336
649,20180825T024551_20180825T025135_T51STV.tif,1.544756667,-0.666880481
650,20180830T024539_20180830T025025_T51STV.tif,1.675,0.146329333
651,LE07_120035_20180902.tif,1.421743333,1.165877955
652,20180904T024541_20180904T025134_T51STV.tif,1.265156667,1.08653771
653,20180909T024539_20180909T025224_T51STV.tif,2.08408,-1.20316607
654,LC08_120035_20180910.tif,2.229656667,-1.245926112
655,LE07_120035_20180918.tif,0.96821,0.768175904
656,LC08_120035_20180926.tif,1.751713333,-0.962906037
657,20180929T024539_20180929T024837_T51STV.tif,1.703333333,-0.121973078
658,LE07_120035_20181004.tif,1.086176667,0.56523872
659,20181004T024541_20181004T025132_T51STV.tif,1.086176667,0.627446841
660,LC08_120035_20181012.tif,1.79211,-0.563083591
661,20181019T024719_20181019T025734_T51STV.tif,0.910576667,0.222211887
662,LE07_120035_20181020.tif,1.030063333,-0.215270496
663,20181024T024751_20181024T024908_T51STV.tif,1.61659,-1.552013133
664,LC08_120035_20181028.tif,1.697296667,-0.622132307
665,20181029T024819_20181029T025219_T51STV.tif,1.552513333,-0.229483207
666,LC08_120035_20181113.tif,1.212176667,0.137255871
667,20181113T024941_20181113T025427_T51STV.tif,1.212176667,0.013812779
668,20181123T025021_20181123T025206_T51STV.tif,1.554396667,-2.01930402
669,20181213T025111_20181213T025601_T51STV.tif,1.057403333,-0.047046051
670,LC08_120035_20181215.tif,0.79927,0.372800399
671,20181218T025119_20181218T025524_T51STV.tif,0.94088,-0.190351509
672,LE07_120035_20181223.tif,1.46985,-2.155658574
673,20181223T025121_20181223T025608_T51STV.tif,1.46985,-2.270848744
674,20181228T025119_20181228T025711_T51STV.tif,1.55222,0.552439709
675,LC08_120035_20181231.tif,1.09612,0.215032496
676,20190102T025111_20190102T025653_T51STV.tif,1.03851,-0.855575254
677,LC08_120035_20190116.tif,0.86413,0.058829962
678,20190117T025029_20190117T025524_T51STV.tif,0.90487,-0.286158369
679,20190122T025021_20190122T025019_T51STV.tif,1.65221,-2.320382158
680,LE07_120035_20190124.tif,1.88518,-0.73326835
681,20190127T024959_20190127T025536_T51STV.tif,1.36848,0.761314892
682,LC08_120035_20190201.tif,0.87222,-1.290905505
683,20190201T024931_20190201T025511_T51STV.tif,0.87222,-1.208284865
684,LC08_120035_20190217.tif,0.888176667,-1.447620289
685,LE07_120035_20190225.tif,1.347863333,0.814445676
686,LE07_120035_20190313.tif,1.112533333,0.750288862
687,20190313T024541_20190313T025624_T51STV.tif,1.112533333,0.663097407
688,20190323T024541_20190323T025141_T51STV.tif,1.933316667,-1.312453915
689,LC08_120035_20190406.tif,1.44719,-1.305467052
690,LE07_120035_20190414.tif,0.878026667,0.303116773
691,20190417T024549_20190417T025336_T51STV.tif,1.522876667,-1.472928616
692,20190502T024551_20190502T025639_T51STV.tif,1.182946667,-1.090400718
693,20190507T024559_20190507T025339_T51STV.tif,1.629593333,-0.637983856
694,20190512T024551_20190512T025712_T51STV.tif,1.23502,1.14713304
695,20190522T024551_20190522T025729_T51STV.tif,1.624696667,0.228782933
696,20190611T024551_20190611T025208_T51STV.tif,1.552593333,1.23805045
697,20190701T024551_20190701T024641_T51STV.tif,1.50062,-0.63758705
698,LE07_120035_20190703.tif,1.74895,-0.65724457
699,LC08_120035_20190711.tif,1.53035,0.957575861
700,20190711T024551_20190711T025640_T51STV.tif,1.53035,1.03458619
701,20190805T024559_20190805T025233_T51STV.tif,2.12608,0.920992122
702,LE07_120035_20190820.tif,1.561153333,0.800329691
703,20190820T024551_20190820T025326_T51STV.tif,1.561153333,0.581635884
704,LC08_120035_20190828.tif,1.460516667,-0.333562546
705,20190830T024551_20190830T025734_T51STV.tif,2.08836,-1.074924236
706,LE07_120035_20190905.tif,1.595413333,1.300776121
707,20190909T024551_20190909T025707_T51STV.tif,1.2144,0.278344338
708,20190914T024549_20190914T025603_T51STV.tif,1.616103333,-0.860506537
709,20190924T024549_20190924T024806_T51STV.tif,0.97406,0.558815769
710,LC08_120035_20190929.tif,2.221503333,-1.534883343
711,20190929T024551_20190929T025647_T51STV.tif,2.221503333,-1.592196206
712,20191014T024649_20191014T025704_T51STV.tif,1.569043333,-1.305305837
713,LC08_120035_20191015.tif,1.62152,-1.143745542
714,20191019T024721_20191019T025457_T51STV.tif,1.400406667,0.008772236
715,LE07_120035_20191023.tif,1.021713333,0.329709427
716,20191024T024749_20191024T025324_T51STV.tif,1.2714,0.088077451
717,20191029T024831_20191029T025006_T51STV.tif,1.908593333,-1.880995583
718,LC08_120035_20191031.tif,1.797186667,-0.786760354
719,20191103T024849_20191103T025524_T51STV.tif,1.25913,0.501923915
720,LE07_120035_20191108.tif,1.021133333,-0.565464575
721,20191108T024921_20191108T025453_T51STV.tif,1.021133333,-0.39729542
722,20191128T025041_20191128T025543_T51STV.tif,1.660883333,-1.883167021
723,LC08_120035_20191202.tif,1.275676667,0.222248362
724,20191203T025059_20191203T025053_T51STV.tif,1.06632,0.339423119
725,20191208T025111_20191208T025726_T51STV.tif,0.997886667,-0.683320659
726,LE07_120035_20191210.tif,1.220763333,-1.65636547
727,LC08_120035_20191218.tif,1.26557,0.590017572
728,LE07_120035_20191226.tif,1.40808,-2.030766823
729,20191228T025121_20191228T025604_T51STV.tif,1.55395,-1.728846536
730,LC08_120035_20200103.tif,0.79908,0.382131372
731,20200112T025059_20200112T025053_T51STV.tif,1.47692,-1.972600794
732,20200117T025031_20200117T025230_T51STV.tif,1.37533,0.810022595
733,LC08_120035_20200119.tif,1.02653,0.272809536
734,20200216T024801_20200216T025538_T51STV.tif,1.091263333,0.761958721
735,LC08_120035_20200220.tif,0.928206667,-1.401869802
736,20200226T024651_20200226T024744_T51STV.tif,1.327086667,-1.055420427
737,LC08_120035_20200307.tif,0.916213333,-1.446494429
738,20200312T024549_20200312T024852_T51STV.tif,1.93818,-1.183264528
739,LE07_120035_20200315.tif,1.30048,1.025885109
740,20200317T024541_20200317T025335_T51STV.tif,0.892236667,0.587455094
741,20200322T024549_20200322T024852_T51STV.tif,1.197553333,-1.605750281
742,LC08_120035_20200323.tif,1.250106667,-1.688400863
743,20200401T024549_20200401T025705_T51STV.tif,0.870043333,0.701984236
744,20200421T024539_20200421T025119_T51STV.tif,1.25034,-1.373744369
745,LC08_120035_20200424.tif,1.47468,-1.009407016
746,20200426T024551_20200426T024638_T51STV.tif,1.476746667,-0.341392009
747,20200506T024551_20200506T025705_T51STV.tif,1.73117,-1.655736935
748,LC08_120035_20200510.tif,1.800943333,0.011881704
749,LE07_120035_20200518.tif,1.07849,-0.592193514
750,LE07_120035_20200603.tif,1.62141,-0.948229589
751,LC08_120035_20200627.tif,1.61414,1.512651471
752,20200710T024549_20200710T025332_T51STV.tif,1.56207,1.011229087
753,20200715T024551_20200715T025520_T51STV.tif,1.17811,0.710181137
754,20200720T024549_20200720T025126_T51STV.tif,1.60493,-0.594926385
755,LC08_120035_20200729.tif,1.51253,1.054411142
756,20200819T024549_20200819T025732_T51STV.tif,1.881656667,-0.780869009
757,20200829T024549_20200829T025352_T51STV.tif,1.326573333,0.12087099
758,20200903T024551_20200903T025058_T51STV.tif,1.79924,-0.723151974
759,LE07_120035_20200907.tif,1.479986667,0.893398864
760,20200918T024549_20200918T025730_T51STV.tif,2.15169,-1.314828211
761,20200928T024549_20200928T025352_T51STV.tif,1.452716667,-0.302905295
762,LC08_120035_20201001.tif,1.610186667,-1.052814514
763,20201008T024619_20201008T025417_T51STV.tif,1.217083333,0.359426019
764,LE07_120035_20201009.tif,1.05389,0.780495089
765,LC08_120035_20201017.tif,2.095033333,-1.794347338
766,20201023T024751_20201023T024754_T51STV.tif,1.319963333,0.781273302
767,LE07_120035_20201025.tif,1.145986667,0.278223503
768,20201102T024851_20201102T025647_T51STV.tif,1.486403333,-1.437230251
769,20201107T024919_20201107T025722_T51STV.tif,1.007666667,0.154651457
770,LE07_120035_20201110.tif,0.990336667,0.065234127
771,20201112T024951_20201112T024945_T51STV.tif,1.43783,-0.516030912
772,LC08_120035_20201204.tif,1.277413333,-0.778449933
773,20201207T025109_20201207T025108_T51STV.tif,0.994223333,0.378105417
774,LE07_120035_20201212.tif,1.35398,-1.471375514
775,20201212T025121_20201212T025115_T51STV.tif,1.35398,-0.994137939
776,20201217T025119_20201217T025120_T51STV.tif,1.73074,-1.530839102
777,LC08_120035_20201220.tif,1.36828,0.358227575
778,20201222T025131_20201222T025126_T51STV.tif,0.9346,0.43971635
779,20201227T025119_20201227T025122_T51STV.tif,1.03703,-1.312102306
780,20210101T025121_20210101T025530_T51STV.tif,1.28431,-1.595915607
781,LC08_120035_20210105.tif,1.22392,0.564200246
782,20210106T025109_20210106T025110_T51STV.tif,1.20333,0.726376404
783,20210111T025101_20210111T025100_T51STV.tif,1.14898,-1.61600216
784,LE07_120035_20210113.tif,1.4867,-2.021981969
785,20210126T024959_20210126T025002_T51STV.tif,0.87534,-1.408857921
786,LE07_120035_20210129.tif,1.22859,-1.546671582
787,20210131T024941_20210131T024937_T51STV.tif,1.49371,-1.34323438
788,LC08_120035_20210206.tif,0.90505,0.33041455
789,20210210T024841_20210210T024839_T51STV.tif,1.25838,-2.079856126
790,20210215T024809_20210215T024807_T51STV.tif,1.43376,-0.766786733
791,20210220T024731_20210220T024734_T51STV.tif,0.689586667,0.459033947
792,LC08_120035_20210222.tif,0.530643333,-0.224711338
793,LE07_120035_20210302.tif,1.794436667,-0.008439186
794,20210302T024631_20210302T024715_T51STV.tif,1.794436667,-0.925718199
795,20210307T024549_20210307T025351_T51STV.tif,0.821293333,0.461799663
796,LC08_120035_20210310.tif,1.113473333,-1.446271906
797,20210312T024551_20210312T025729_T51STV.tif,1.40227,-2.03258153
798,20210317T024549_20210317T025739_T51STV.tif,1.306356667,-0.314876877
799,LE07_120035_20210318.tif,1.20289,0.651350585
800,20210322T024551_20210322T025728_T51STV.tif,0.666543333,0.486568713
801,LC08_120035_20210326.tif,1.015286667,-1.442241273
802,20210406T024549_20210406T025346_T51STV.tif,1.00117,0.197826179
803,LE07_120035_20210419.tif,1.027233333,0.817782011
804,20210501T024541_20210501T024634_T51STV.tif,1.590973333,0.734672017
805,LE07_120035_20210505.tif,1.262176667,0.081834167
806,LE07_120035_20210521.tif,1.04808,0.063050654
807,20210521T024551_20210521T025729_T51STV.tif,1.04808,0.598954455
808,LC08_120035_20210529.tif,1.892673333,0.281963785
809,20210605T024549_20210605T025350_T51STV.tif,1.180383333,0.130193506
810,20210620T024551_20210620T025729_T51STV.tif,1.43697,0.792335973
811,20210710T024551_20210710T025732_T50SQE.tif,1.54003,-0.525497856
812,LC08_120035_20210801.tif,1.23291,1.04205432
813,20210804T024549_20210804T025350_T50SQE.tif,1.11505,0.304112074
814,20210814T024549_20210814T025740_T50SQE.tif,1.7611,1.230905607
815,LC08_120035_20210817.tif,1.363743333,1.012526593
816,20210819T024551_20210819T025731_T50SQE.tif,1.329356667,0.147274963
817,LC08_120035_20210902.tif,0.944133333,0.383475177
818,20210908T024551_20210908T025158_T50SQE.tif,1.997203333,-0.864877939
819,20210913T024539_20210913T025736_T50SQE.tif,1.495766667,1.005244526
820,20211013T024649_20211013T024644_T50SQE.tif,1.227526667,0.828566558
821,20211023T024749_20211023T025552_T50SQE.tif,1.510903333,-1.035662448
822,20211112T024939_20211112T024939_T50SQE.tif,1.2653,0.741085012
823,LC09_119035_20211114.tif,1.184053333,-0.060660014
824,LC09_120035_20211119.tif,1.367013333,-1.68201498
825,20211122T025019_20211122T025021_T51STV.tif,1.378723333,-1.316656254
826,LC09_120035_20211124.tif,1.17834,-0.430775597
827,20211127T025031_20211127T025409_T50SQE.tif,0.76072,0.316554457
828,20211202T025049_20211202T025052_T50SQE.tif,1.457546667,-1.182014748
829,LC08_120035_20211207.tif,1.759813333,-0.926256815
830,20211207T025111_20211207T025109_T50SQE.tif,1.759813333,-1.298889948
831,20211212T025119_20211212T025113_T50SQE.tif,1.07237,0.500410289
832,LC09_120035_20211215.tif,0.94561,-0.941536034
833,20211217T025131_20211217T025125_T50SQE.tif,1.12659,-1.651895492
834,20211227T025131_20211227T025412_T50SQE.tif,0.97956,0.561870672
835,LC09_120035_20211231.tif,1.16616,-1.10848005
836,20220106T025111_20220106T025113_T50SQE.tif,1.793,-0.845171079
837,20220111T025059_20220111T025055_T50SQE.tif,0.77771,0.19551475
838,20220116T025051_20220116T025045_T50SQE.tif,0.99867,-1.763306144
839,LC09_120035_20220116.tif,0.99867,-1.780844007
840,20220121T025019_20220121T025020_T51STV.tif,1.22362,-0.955272047
841,LC09_120035_20220201.tif,1.58665,-2.425495967
842,20220205T024911_20220205T025041_T50SQE.tif,1.63417,-0.410460085
843,20220210T024839_20220210T025625_T50SQE.tif,0.58908,0.083336396
844,20220215T024811_20220215T024810_T50SQE.tif,0.9737,-1.774987271
845,20220220T024729_20220220T025520_T50SQE.tif,1.454736667,-0.601909622
846,20220225T024711_20220225T025345_T50SQE.tif,0.762773333,0.411691901
847,20220302T024629_20220302T025427_T50SQE.tif,1.631126667,-2.404711265
848,LC09_120035_20220305.tif,1.669416667,-1.051767252
849,20220307T024601_20220307T025334_T50SQE.tif,1.333143333,0.045721015
850,20220327T024551_20220327T025229_T50SQE.tif,0.82429,0.002010134
851,20220406T024551_20220406T025325_T50SQE.tif,1.16411,0.408652612
852,LC09_120035_20220406.tif,1.16411,0.491102048
853,20220411T024539_20220411T025331_T50SQE.tif,0.613166667,0.05409349
854,20220416T024551_20220416T025327_T50SQE.tif,1.557113333,-1.845028313
855,20220421T024539_20220421T025344_T50SQE.tif,1.40841,0.638339622
856,LC09_120035_20220422.tif,1.238873333,1.101025852
857,20220506T024551_20220506T025306_T50SQE.tif,1.15473,0.623715163
858,LC09_120035_20220508.tif,0.960866667,0.821845834
859,20220516T024551_20220516T025329_T50SQE.tif,1.734546667,-1.430881553
860,20220521T024549_20220521T025335_T50SQE.tif,1.58447,1.375706367
