Image no,Image name,Date,Tidal height,H1-Waterline,H1-Bar,H1-Breaker,H2-Waterline,H2-Bar,H2-Breaker,H3-Waterline,H3-Breaker,H4-Waterline,H4-Breaker
1,LT05_120035_19840507.tif,1984/5/7,1.015873324,,,,,,,173.2434,,176.8605,
2,LT05_120035_19840827.tif,1984/8/27,-0.845521835,197.0124,,,201.6174,,,195.9031,,293.6167,
3,LT05_120035_19841030.tif,1984/10/30,0.514031089,,,,,,,181.9035,,179.6472,
4,LT05_120035_19850323.tif,1985/3/23,-1.122145825,199.8378,,,204.6995,,,205,,300.4191,
5,LT05_120035_19850713.tif,1985/7/13,0.402093601,,,,,,,186.6996,,179.0843,
6,LT05_120035_19851102.tif,1985/11/2,-0.60939626,197.7101,,,202.7106,,,201.5284,,264.9532,
7,LT05_120035_19860121.tif,1986/1/21,-0.716213691,203.0336,,,208.8602,,,216.4253,,317.1013,
8,LT05_120035_19860206.tif,1986/2/6,-1.417591476,233.2828,291.9227,,,,,354.4698,,379.9923,
9,LT05_120035_19860310.tif,1986/3/10,-2.082542507,,,,,,,376.5269,,397.6502,
10,LT05_120035_19860326.tif,1986/3/26,-1.959069383,217.7033,,,,,,352.809,,382.0095,
11,LT05_120035_19860411.tif,1986/4/11,-0.722877651,196.6469,,,212.3678,,,205.1128,,291.956,
12,LT05_120035_19860427.tif,1986/4/27,-0.241208072,194.5697,,,197.3809,,,188.4546,,195.1566,
13,LT05_120035_19860902.tif,1986/9/2,-0.47210094,200.2304,,,203.0341,,,201.1737,,214.2218,
14,LT05_120035_19860918.tif,1986/9/18,-1.100432742,207.2975,,,209.703,,,318.6093,,313.1136,
15,LT05_120035_19861004.tif,1986/10/4,-1.393156226,207.2975,,,214.8466,,,307.8054,,338.5404,
16,LT05_120035_19861105.tif,1986/11/5,-1.085530567,202.7838,,,203.9308,,,,,304.0688,
17,LT05_120035_19861207.tif,1986/12/7,0.496929796,193.782,,,184.1495,,,179.7935,,183.6348,
18,LT05_120035_19870108.tif,1987/1/8,0.140795923,,,,195.142,,,,,191.3754,314.6603
19,LT05_120035_19870124.tif,1987/1/24,0.269329195,196.4303,,,191.7551,,,190.3432,,183.6817,
20,LT05_120035_19870225.tif,1987/2/25,-1.469373899,246.5949,312.1652,,,,,,,397.3688,
21,LT05_120035_19870313.tif,1987/3/13,-1.535132563,206.5309,,,,,,348.4621,,373.0681,
22,LT05_120035_19870617.tif,1987/6/17,1.618809297,,,,,,,167.6507,,182.2275,
23,LT05_120035_19871007.tif,1987/10/7,-1.561497444,201.7366,,,,,,291.8438,,356.8643,
24,LT05_120035_19871108.tif,1987/11/8,-1.301783905,203.5283,,,214.5133,,369.1996,280.5381,392.5487,314.5209,412.7964
25,LT05_120035_19871226.tif,1987/12/26,0.47036598,196.4524,,,182.1507,,,181.8706,,176.6072,
26,LT05_120035_19880111.tif,1988/1/11,0.294259442,189.4111,,,188.9924,,,185.9624,,177.3203,
27,LT05_120035_19880315.tif,1988/3/15,-1.254402411,222.3378,,,,,,319.212,,371.1727,
28,LT05_120035_19880331.tif,1988/3/31,-1.475181002,212.1215,,,,,,340.4048,,383.6701,429.6115
29,LT05_120035_19880603.tif,1988/6/3,0.253503389,195.2096,,,189.9102,,,187.6231,,179.7224,222.7881
30,LT05_120035_19880705.tif,1988/7/5,1.560430196,190.7746,,,,,,177.4887,,180.8201,217.4217
31,LT05_120035_19881009.tif,1988/10/9,-1.049930894,201.5261,,,200.6151,,,256.7938,,311.0213,
32,LT05_120035_19881025.tif,1988/10/25,-1.80155904,235.1572,288.716,,,,,377.3573,,392.743,
33,LT05_120035_19881110.tif,1988/11/10,-1.826837262,235.4053,318.0573,,,,,388,,398.3632,
34,LT05_120035_19881126.tif,1988/11/26,-1.394015099,212.9103,,,,,402.3761,350.3516,403.4986,376.9243,420.3106
35,LT05_120035_19881212.tif,1988/12/12,-1.248858915,201.7366,,,204.5918,,391.6643,,384.7887,305.2229,382.5807
36,LT05_120035_19890113.tif,1989/1/13,0.397306125,200.0876,,,190.138,,,175.2526,,175.9411,223.3204
37,LT04_120035_19890121.tif,1989/1/21,-2.204015873,229.2376,308.9694,,,,,379.8485,,393.4843,439.9771
38,LT05_120035_19890129.tif,1989/1/29,0.360320553,196.5779,,,189.5915,,,177.4897,,176.5792,
39,LT04_120035_19890206.tif,1989/2/6,-2.239191996,236.8938,290.4525,,,,,383.1109,,386.9167,
40,LT05_120035_19890214.tif,1989/2/14,0.211298451,195.3843,,,191.2085,,,181.8706,,174.1772,
41,LT04_120035_19890310.tif,1989/3/10,-1.158465703,204.1621,,,205.212,,,191.0137,,279.2335,
42,LT05_120035_19890403.tif,1989/4/3,-1.030270761,213.1896,,,,,,280.25,,369.437,
43,LT05_120035_19890505.tif,1989/5/5,-1.405332629,215.4465,,,,,,364.0885,,377.5904,
44,LT05_120035_19890521.tif,1989/5/21,-0.778152684,196.6469,,,208.4047,,,204.0876,,,
45,LT05_120035_19890606.tif,1989/6/6,0.144300256,,,,,,,180.8793,,179.6472,
46,LT05_120035_19890622.tif,1989/6/22,0.334808091,195.1406,,,192.3701,,,176.4983,,178.5213,
47,LT05_120035_19890809.tif,1989/8/9,1.143834012,193.782,,,184.339,,,175.0652,,176.3727,
48,LT05_120035_19891012.tif,1989/10/12,-0.647980163,199.295,,,213.0968,,,,363.9733,319.3249,
49,LT05_120035_19891028.tif,1989/10/28,-1.299452395,215.3419,,,231.2723,,,346.4792,,347.6884,
50,LT05_120035_19891113.tif,1989/11/13,-2.139263701,,,466.662,,,419.0275,388.4154,,410.401,
51,LT05_120035_19891129.tif,1989/11/29,-1.791583481,,,,,,,366.0713,,,
52,LT05_120035_19891215.tif,1989/12/15,-1.456309972,209.1496,,,208.6232,,,,,339.2065,
53,LT05_120035_19900116.tif,1990/1/16,-0.026732193,187.8358,,,187.291,,,179.9206,,178.7277,
54,LT05_120035_19900201.tif,1990/2/1,0.45744934,187.6193,,,188.6592,,,172.54,,176.9356,
55,LT05_120035_19900305.tif,1990/3/5,0.349105517,193.4277,,,190.2063,,,179.1241,,177.1421,
56,LT05_120035_19900508.tif,1990/5/8,-0.979572203,201.4658,,,215.0327,,,239.3052,,335.0406,
57,LT05_120035_19900524.tif,1990/5/24,-1.100557501,222.5876,,,217.6156,,,,,,
58,LT05_120035_19900609.tif,1990/6/9,-0.420804198,201.6553,,,202.0728,,,208.622,,199.8573,
59,LT05_120035_19900828.tif,1990/8/28,1.041220686,198.5392,,,185.6738,,,164.8035,,176.0162,
60,LT05_120035_19900913.tif,1990/9/13,0.826858778,199.6483,,,186.9037,,,167.6168,,177.067,
61,LT05_120035_19901015.tif,1990/10/15,-0.516485547,209.6148,,,207.6463,,,215.0789,,294.5643,
62,LT05_120035_19901031.tif,1990/10/31,-0.817506655,218.8192,,,212.8006,,405.7822,243.6861,413.0454,314.5961,398.6737
63,LT05_120035_19901116.tif,1990/11/16,-1.672876288,220.5202,,446.888,231.9784,308.5586,407.2643,349.929,,368.9773,
64,LT05_120035_19901218.tif,1990/12/18,-1.783745921,211.8717,,,238.6746,325.5213,,353.0039,,371.2759,412.8545
65,LT05_120035_19910204.tif,1991/2/4,0.209937538,202.9733,,,190.9807,,,191.107,,176.9356,
66,LT05_120035_19910220.tif,1991/2/20,0.414376675,206.6687,,,191.9146,,,186.0905,,173.7175,
67,LT05_120035_19910628.tif,1991/6/28,-0.347965401,211.8114,,,193.8607,,,188.963,,184.3479,
68,LT05_120035_19910714.tif,1991/7/14,0.110473921,206.6687,,,186.1481,,,182.3187,,183.3252,
69,LT05_120035_19910831.tif,1991/8/31,0.85347162,197.6412,,,187.4292,,,177.1413,,178.9811,
70,LT05_120035_19911018.tif,1991/10/18,0.12525642,204.8512,,,194.1171,,,184.8777,,177.1421,220.4384
71,LT05_120035_19911103.tif,1991/11/3,-0.717947951,205.9128,,,198.883,,,201.5963,,,
72,LT05_120035_19911119.tif,1991/11/19,-1.085638393,209.9294,,,210.1317,,,237.906,369.0276,300.5692,
73,LT05_120035_19911205.tif,1991/12/5,-1.975297437,,,,,,,,,,
74,LT05_120035_19920207.tif,1992/2/7,-0.688624315,210.4331,,,196.0825,,,198.1062,,257.8413,354.4637
75,LT05_120035_19920326.tif,1992/3/26,0.606451908,201.1974,,,192.8484,,,181.4882,,178.878,
76,LT05_120035_19920411.tif,1992/4/11,0.716525425,204.2223,,,191.8462,,,184.3619,,,
77,LT05_120035_19920427.tif,1992/4/27,0.050741842,,,,,,,187.691,,194.1619,
78,LT05_120035_19920529.tif,1992/5/29,-0.453367612,214.5076,,,200.2278,,,201.1737,344.6595,282.2732,351.4744
79,LT05_120035_19920630.tif,1992/6/30,-0.675588393,203.2231,,,204.0846,,,213.7994,349.9381,308.1316,
80,LT05_120035_19920801.tif,1992/8/1,-0.131130917,206.1393,,,188.908,,,181.8366,,178.6995,333.7636
81,LT05_120035_19920918.tif,1992/9/18,0.595528332,196.7574,,,183.0545,,,177.1751,,179.2625,
82,LT05_120035_19921020.tif,1992/10/20,0.664395184,196.6097,,,182.7402,,,171.8029,,177.2453,
83,LT05_120035_19921121.tif,1992/11/21,-0.751595205,219.8923,,,213.6433,,,305.7439,,323.5658,
84,LT05_120035_19921223.tif,1992/12/23,-2.128254833,,,,,,,392.7963,,395.9613,449.6427
85,LT05_120035_19930124.tif,1993/1/24,-1.661221201,,,,214.5544,,,,,323.4626,
86,LT05_120035_19930209.tif,1993/2/9,-1.447272736,,,,,,,,,310.2801,
87,LT05_120035_19930225.tif,1993/2/25,-0.473345669,213.3653,,,197.9605,,,194.0208,,,
88,LT05_120035_19930329.tif,1993/3/29,0.539209762,194.8847,,,183.7377,,,173.8196,,174.4117,212.7713
89,LT05_120035_19930414.tif,1993/4/14,0.804692435,195.8236,,,184.5851,,,174.0144,,176.0443,
90,LT05_120035_19930921.tif,1993/9/21,0.727560429,197.5808,,,190.138,,,176.3712,,174.9466,
91,LT05_120035_19931007.tif,1993/10/7,0.378238634,198.0806,,,192.2106,,,174.5494,,173.1076,212.453
92,LT05_120035_19931124.tif,1993/11/24,-0.36841263,206.4936,,,210.6369,,,201.6568,,310.6649,
93,LT05_120035_19931210.tif,1993/12/10,-0.832430284,226.9114,,,,,,,,,
94,LT05_120035_19931226.tif,1993/12/26,-1.456975251,,,,,,,359.6143,,375.1884,
95,LT05_120035_19940111.tif,1994/1/11,-2.296376042,232.4282,,,,,,392.5347,,400.4368,
96,LT05_120035_19940212.tif,1994/2/12,-1.539129262,217.5251,,,211.3839,,,323.1437,,344.3199,
97,LT05_120035_19940228.tif,1994/2/28,-1.318353599,210.3654,,,207.3251,,,215.4942,,306.7523,
98,LT05_120035_19940316.tif,1994/3/16,-0.132868212,203.2231,,,,,,191.7763,,184.9859,
99,LT05_120035_19940519.tif,1994/5/19,0.950101016,198.9034,,,195.9232,,,180.142,,188.2604,
100,LT05_120035_19940706.tif,1994/7/6,-0.288191841,210.5793,,,204.0846,,,198.6559,,223.3416,
101,LT05_120035_19940807.tif,1994/8/7,-0.657976307,203.9122,,,209.4068,,,,,309.5389,
102,LT05_120035_19940908.tif,1994/9/8,-0.584219003,198.7697,,,191.7461,,,186.2844,,,
103,LT05_120035_19940924.tif,1994/9/24,0.114817547,200.3309,,,188.1564,,,182.2519,,178.6995,217.7216
104,LT05_120035_19941010.tif,1994/10/10,0.576853249,196.7574,,,187.3821,,226.7485,180.4037,,178.7747,
105,LT05_120035_19941026.tif,1994/10/26,0.434551639,199.0413,,,188.7486,,,168.4811,,178.878,
106,LT05_120035_19941213.tif,1994/12/13,-0.69199427,223.3369,,,208.0563,,,263.666,,,
107,LT05_120035_19941229.tif,1994/12/29,-0.878535972,217.7461,,,212.4134,,,,,,
108,LT05_120035_19950114.tif,1995/1/14,-1.631451735,,,,,,,379.4598,,397.7253,
109,LT05_120035_19950130.tif,1995/1/30,-2.345269352,,,,,,,396.7546,,408.0742,441.7946
110,LT05_120035_19950215.tif,1995/2/15,-1.884626492,222.186,,,,,,,,373.2181,
111,LT05_120035_19950319.tif,1995/3/19,-0.864452554,211.0814,,,,,,210.8326,,258.6857,
112,LT05_120035_19950404.tif,1995/4/4,0.335603423,201.974,,,190.2974,,,188.8095,,174.4305,
113,LT05_120035_19950420.tif,1995/4/20,1.099990562,196.6097,,,187.1315,,,174.3883,,177.1421,
114,LT05_120035_19950506.tif,1995/5/6,0.954450146,202.4868,,,189.1358,,,,,186.5715,
115,LT05_120035_19950522.tif,1995/5/22,1.013206906,198.9723,,,185.8332,,,174.6426,,180.8201,
116,LT05_120035_19950810.tif,1995/8/10,-0.886065699,219.452,,,,,,276.0036,,340.3793,
117,LT05_120035_19950826.tif,1995/8/26,-0.653913389,212.873,,,202.6196,,,199.2321,,229.1963,
118,LT05_120035_19950911.tif,1995/9/11,-0.505964255,200.2168,,,206.1726,,,207,,,
119,LT05_120035_19950927.tif,1995/9/27,-0.476377897,202.534,,,203.9405,,,191.7498,,211.1819,
120,LT05_120035_19960202.tif,1996/2/2,-1.692915147,,,,227.1042,,,392.2974,,403.1671,
121,LT05_120035_19960218.tif,1996/2/18,-2.315459621,,,,,,,407.5245,,427.1113,
122,LT05_120035_19960305.tif,1996/3/5,-1.570765004,220.0206,,,,,,336.8277,,362.9724,
123,LT05_120035_19960406.tif,1996/4/6,-0.518907526,,,,212.3905,,,184.6161,,222.957,
124,LT05_120035_19960422.tif,1996/4/22,0.568534017,196.1765,,,192.9127,,,172.7547,,178.4462,
125,LT05_120035_19960508.tif,1996/5/8,1.172818249,197.1415,,,191.2085,,,163.4946,,174.8669,
126,LT05_120035_19960524.tif,1996/5/24,1.026295237,194.1956,,,192.1422,,,166.8705,,176.5041,
127,LT05_120035_19960812.tif,1996/8/12,-0.524907831,204.8512,,,213.6166,,,,,,
128,LT05_120035_19960929.tif,1996/9/29,-0.907511003,,,,,,,,,,
129,LT05_120035_19961015.tif,1996/10/15,-0.891757952,209.9394,,,209.5662,,,204.2147,,274.0448,
130,LT05_120035_19961202.tif,1996/12/2,0.273556651,199.3985,,,191.6059,,,172.54,,176.1194,
131,LT05_120035_19970119.tif,1997/1/19,-0.895658787,229.8452,,,223.7105,,,276.9951,,341.2237,
132,LT05_120035_19970204.tif,1997/2/4,-0.851555465,,,,,,,,,339.6663,
133,LT05_120035_19970220.tif,1997/2/20,-1.751193685,245.1816,323.4203,453.6952,,,432.0206,371.3156,,387.5264,
134,LT05_120035_19970324.tif,1997/3/24,-1.534493728,224.9133,,,248.2031,,,353.2242,,366.0875,
135,LT05_120035_19970409.tif,1997/4/9,-1.097188414,215.7378,,,219.1001,,,262.1661,,310.8149,
136,LT05_120035_19970425.tif,1997/4/25,-0.529076245,202.7724,,,201.4197,,,188.4875,,215.9577,
137,LT05_120035_19970527.tif,1997/5/27,1.000386371,,,,,,,,,,
138,LT05_120035_19970612.tif,1997/6/12,1.175584167,188.4484,,,184.5122,,,166.4095,,177.6019,
139,LT05_120035_19970628.tif,1997/6/28,1.382957998,194.6349,,,182.1207,,,161.2982,,179.3657,
140,LT05_120035_19970730.tif,1997/7/30,0.22385653,209.644,,,191.3679,,,182.3671,,176.6072,
141,LT05_120035_19970815.tif,1997/8/15,0.220915524,201.7683,,,194.9894,,,182.3671,,176.6824,
142,LT05_120035_19970831.tif,1997/8/31,-0.649996273,,,,231.3635,,,,,,
143,LT05_120035_19970916.tif,1997/9/16,-1.259199453,225.4053,,420.6923,231.5912,,382.5397,315.7971,373.7728,343.4005,
144,LT05_120035_19971002.tif,1997/10/2,-1.218404674,219.9602,,,227.6736,,,300.4767,,335.96,
145,LT05_120035_19971018.tif,1997/10/18,-1.396236868,227.8369,,,225.6465,,,327.5585,,336.9827,
146,LT05_120035_19971103.tif,1997/11/3,-1.194151965,214.517,,,,,,,,,
147,LT05_120035_19971119.tif,1997/11/19,-0.157197136,203.4127,,,200.0001,,,187.1413,,,
148,LT05_120035_19980106.tif,1998/1/6,0.582250392,190.8111,,,179.9986,,,175.8729,,175.6597,
149,LT05_120035_19980122.tif,1998/1/22,0.080276128,201.0265,,,,,,,,192.0134,
150,LT05_120035_19980514.tif,1998/5/14,-0.321423289,198.4702,,,196.766,,,186.9209,,176.9356,
151,LT05_120035_19980530.tif,1998/5/30,0.863085226,190.7324,,,179.6397,,,168.3541,,176.8605,
152,LT05_120035_19980615.tif,1998/6/15,0.980760215,191.5596,,,182.7658,,,161.0948,,175.5564,
153,LT05_120035_19980818.tif,1998/8/18,0.279145917,200.4785,,,195.6726,,,185.8352,,175.8379,
154,LT05_120035_19980903.tif,1998/9/3,0.008064692,,,,200.0001,,,189.5393,,188.3073,
155,LT05_120035_19980919.tif,1998/9/19,-0.888942553,211.4881,,,217.5112,,,,,311.4529,
156,LT05_120035_19981021.tif,1998/10/21,-1.333399955,215.6963,,,214.9507,,,326.5067,,343.0909,
157,LT05_120035_19981106.tif,1998/11/6,-1.764274272,,,,230.885,,,,,349.9401,
158,LT05_120035_19981122.tif,1998/11/22,-1.189477119,220.7487,,,,,,218.1199,,286.5894,
159,LT05_120035_19981208.tif,1998/12/8,-0.210342989,206.2771,,,210.8236,,,208.8762,,212.2797,
160,LT05_120035_19981224.tif,1998/12/24,-0.151893664,203.9725,,,198.268,,,186.599,,174.637,
161,LT05_120035_19990109.tif,1999/1/9,0.34194092,206.1691,,,194.0402,,,182.413,,173.8632,
162,LT05_120035_19990330.tif,1999/3/30,-1.684727679,232.2867,,,245.7399,299.4195,,367.2567,,,
163,LT05_120035_19990415.tif,1999/4/15,-1.723374709,227.9845,,420.2287,228.8123,294.329,413.4456,346.7599,401.8286,382.1127,420.5751
164,LT05_120035_19990501.tif,1999/5/1,-1.032189869,,,,,,,,,330.4151,
165,LT05_120035_19990602.tif,1999/6/2,-0.021792454,207.0745,,,191.6868,,,188.0722,,175.4814,
166,LT05_120035_19990618.tif,1999/6/18,1.11585717,193.7449,,,189.0675,,,166.2062,,177.3203,
167,LT05_120035_19990805.tif,1999/8/5,1.409925174,,,,189.9102,,,159.0477,,177.0389,
168,LT05_120035_19990922.tif,1999/9/22,-0.215561042,201.1185,,,195.8549,,,185.615,,174.4587,
169,LT05_120035_19991008.tif,1999/10/8,-1.229508509,228.7032,,,218.5631,,,321.6101,,341.7867,
170,LT05_120035_19991024.tif,1999/10/24,-1.559725693,,,,,,,,,357.0707,
171,LT05_120035_19991109.tif,1999/11/9,-1.596696098,228.5599,,,225.8058,,,332.1936,,353.543,
172,LT05_120035_19991211.tif,1999/12/11,-1.164829848,216.0234,,,207.2294,,,,,320.7793,
173,LE07_120035_19991219.tif,1999/12/19,-0.362629475,209.004,,,197.7681,,,195.1055,,285.0599,
174,LT05_120035_19991227.tif,1999/12/27,-0.06799044,207.2975,,,194.1466,,,187.7842,,,
175,LE07_120035_20000120.tif,2000/1/20,-2.102246598,,,,,,,401,,397.9317,
176,LT05_120035_20000128.tif,2000/1/28,0.428475991,195.2512,,,187.7464,,,171.5826,,177.2453,
177,LE07_120035_20000221.tif,2000/2/21,-2.075318385,224.1255,,,,,,362.382,,374.7005,
178,LT05_120035_20000229.tif,2000/2/29,-0.163144188,205.4197,,,203.649,,,193.2835,,187.1064,
179,LE07_120035_20000308.tif,2000/3/8,-1.393776502,219.6068,,,212.7778,,,313.594,,349.3772,
180,LT05_120035_20000316.tif,2000/3/16,-0.573987646,215.0072,,,206.0815,,,210.9257,,307.4936,
181,LT05_120035_20000503.tif,2000/5/3,-1.431159814,239.0146,,,,,,368.039,,381.4747,
182,LE07_120035_20000511.tif,2000/5/11,1.225783384,203.0336,,,183.8972,,,159.3051,,181.0546,212.4467
183,LT05_120035_20000519.tif,2000/5/19,-0.839658056,216.0922,,,202.3006,,,200.5636,,,
184,LE07_120035_20000527.tif,2000/5/27,0.830610623,203.2231,,,188.6575,,,160.6338,,179.6191,
185,LT05_120035_20000604.tif,2000/6/4,-0.519398737,213.1896,,,195.7637,,,199.9619,,241.6938,
186,LE07_120035_20000612.tif,2000/6/12,0.336060827,199.2578,,,191.2085,,,182.1915,,177.8083,210.6846
187,LE07_120035_20000730.tif,2000/7/30,-0.614393342,208.1761,,,193.4635,,,,,,
188,LT05_120035_20000908.tif,2000/9/8,0.48817735,188.9407,,,192.3018,,,168.6083,,179.9007,217.7216
189,LE07_120035_20000916.tif,2000/9/16,-0.696840363,204.7909,,,200.0686,,,183.5654,,291.9842,
190,LE07_120035_20001002.tif,2000/10/2,-0.184384245,201.9848,,,196.6749,,,182.3526,,180.4636,
191,LE07_120035_20001018.tif,2000/10/18,-0.114984239,195.0344,,,201.6174,,,192.8016,,177.4517,215.8976
192,LT05_120035_20001026.tif,2000/10/26,-1.389156732,235.1572,301.2598,,226.1931,,,365.4952,,369.437,
193,LE07_120035_20001103.tif,2000/11/3,0.16799977,210.8035,,,194.83,,,178.675,,178.9811,221.4765
194,LT05_120035_20001127.tif,2000/11/27,-1.714225629,233.872,317.7471,,239.9045,295.101,,354.6574,,384.0266,
195,LE07_120035_20001205.tif,2000/12/5,0.156182522,194.3158,,,198.1553,,,174.133,,175.5564,
196,LT05_120035_20001213.tif,2000/12/13,-1.937297957,225.6985,,,227.3546,290.2086,,355.9368,,374.1657,
197,LE07_120035_20001221.tif,2000/12/21,-0.407856455,203.56,,,209.3385,,,194.436,,203.7229,
198,LT05_120035_20001229.tif,2000/12/29,-1.06392754,208.7186,,,208.6969,,,200.4099,,288.0718,
199,LT05_120035_20010114.tif,2001/1/14,-0.12937828,202.0538,,,199.3851,,,192.1989,,204.4359,
200,LT05_120035_20010130.tif,2001/1/30,-0.006868173,199.691,,,197.677,,,187.691,,177.3203,210.4538
201,LE07_120035_20010207.tif,2001/2/7,-2.087364252,,,,,,,385.3178,,395.7832,
202,LT05_120035_20010319.tif,2001/3/19,-0.138798227,208.1378,,,202.5216,,,192.9616,,201.9026,
203,LT05_120035_20010404.tif,2001/4/4,-0.320836008,210.5793,,,208.0859,,,204.5027,,256.1805,
204,LE07_120035_20010412.tif,2001/4/12,0.161341505,203.1958,,,188.908,,,184.5896,,176.8605,
205,LT05_120035_20010420.tif,2001/4/20,-0.841389462,221.8035,,,220.9546,,,332.9562,,348.8142,
206,LE07_120035_20010514.tif,2001/5/14,0.955777338,201.5517,,,199.7726,,,173.2095,,180.182,
207,LT05_120035_20010522.tif,2001/5/22,-1.157164467,211.1222,,415.4048,208.5414,,370.7006,322.059,,336.3166,
208,LT05_120035_20010607.tif,2001/6/7,-0.572539782,209.7129,,,206.1635,,,210.9861,,246.4696,324.9939
209,LT05_120035_20010623.tif,2001/6/23,-0.362808676,200.1479,,,196.1509,,,196.6657,,214.0435,
210,LE07_120035_20010701.tif,2001/7/1,0.489015227,200.2619,,,184.9677,,,175.6414,,177.9584,
211,LE07_120035_20010717.tif,2001/7/17,0.489563409,203.8455,,,189.0446,,,186.7928,,184.7326,
212,LE07_120035_20010802.tif,2001/8/2,-0.392375283,211.7791,,,209.6449,,,195.454,343.5658,,
213,LE07_120035_20010818.tif,2001/8/18,-0.627905271,,,,,,,,,,
214,LE07_120035_20010903.tif,2001/9/3,-0.765456234,,,,,,,,,,
215,LE07_120035_20010919.tif,2001/9/19,-1.155829581,212.311,,,212.3223,,,,,352.267,
216,LT05_120035_20010927.tif,2001/9/27,0.327401189,195.9599,,,189.1358,,,165.6679,,170.7374,207.4196
217,LE07_120035_20011005.tif,2001/10/5,-0.934071205,208.5466,,,,,,,,,
218,LT05_120035_20011029.tif,2001/10/29,-0.746936573,211.5834,,,208.4047,,,310.9405,,333.0984,
219,LE07_120035_20011106.tif,2001/11/6,-0.416282205,204.5641,,,199.4536,,,191.5889,,215.7324,
220,LT05_120035_20011114.tif,2001/11/14,-1.67666548,248.5814,316.4895,,,,,366.7746,,400.2303,
221,LE07_120035_20011122.tif,2001/11/22,0.265204991,205.6695,,,194.5339,,,184.9381,,184.1415,
222,LT05_120035_20011130.tif,2001/11/30,-1.831468774,235.4236,310.9151,,,,,384,,400.6151,
223,LE07_120035_20011208.tif,2001/12/8,0.535838531,198.9723,,,192.6891,,,170.4979,,177.1421,
224,LE07_120035_20011224.tif,2001/12/24,0.115645746,201.8372,,,193.3723,,,182.0305,,178.1648,
225,LT05_120035_20020117.tif,2002/1/17,-0.927357787,,,,,,,,,,
226,LE07_120035_20020125.tif,2002/1/25,-0.625683501,211.5615,,,202.2323,,,206.7662,,301.3855,
227,LT05_120035_20020202.tif,2002/2/2,-0.09451235,202.0947,,,195.536,,,183.6585,,187.3127,
228,LE07_120035_20020210.tif,2002/2/10,-1.781192462,244.5201,316.2627,,,,,380.7732,,399.8739,
229,LT05_120035_20020218.tif,2002/2/18,0.162094707,,,,188.4799,,,184.1066,,179.4409,
230,LT05_120035_20020306.tif,2002/3/6,0.685620031,200.4666,,,187.3525,,,174.8374,,179.2625,
231,LT05_120035_20020322.tif,2002/3/22,0.582746239,203.4127,,,,,,,,184.4229,
232,LE07_120035_20020415.tif,2002/4/15,-0.757468666,206.729,,,,,,,,,
233,LE07_120035_20020501.tif,2002/5/1,0.541163066,201.4056,,,192.4516,,,176.2101,,180.2853,
234,LT05_120035_20020525.tif,2002/5/25,-1.184650381,227.4135,,,238.9024,,,365.5619,,376.4176,
235,LE07_120035_20020618.tif,2002/6/18,1.423343362,,,,,,,,,,
236,LT05_120035_20020626.tif,2002/6/26,-0.415370921,199.7699,,,196.3787,,,192.5463,,181.1297,
237,LT05_120035_20020712.tif,2002/7/12,-0.116926449,201.595,,,189.6841,,,192.6735,,182.7622,
238,LT05_120035_20020813.tif,2002/8/13,0.954269952,202.7838,,,,,,,,,
239,LE07_120035_20020922.tif,2002/9/22,-0.913638331,203.2231,,,210.798,,,,,321.192,
240,LT05_120035_20020930.tif,2002/9/30,0.743275837,199.12,,,196.1509,,,182.0305,,174.0741,
241,LE07_120035_20021008.tif,2002/10/8,-1.549979285,215.636,,,221.8884,,,339.3613,,359.8293,
242,LT05_120035_20021016.tif,2002/10/16,0.02504824,202.1227,,,201.2405,,,193.3768,,193.3926,310.1197
243,LE07_120035_20021024.tif,2002/10/24,-1.037344511,,,,,,,,,,
244,LT05_120035_20021101.tif,2002/11/1,-0.302120889,206.5626,,,200.0001,,,195.0377,,223.1915,
245,LE07_120035_20021109.tif,2002/11/9,-0.417327761,209.7228,,,208.473,,,,,327.5533,
246,LE07_120035_20021211.tif,2002/12/11,0.282266884,,,,,,,,,180.9513,
247,LE07_120035_20021227.tif,2002/12/27,0.552136936,196.8314,,,189.2953,,,,,177.705,
248,LT05_120035_20030104.tif,2003/1/4,-2.010785289,248.1266,298.9289,,,,422.2127,385.153,,397.8285,
249,LE07_120035_20030112.tif,2003/1/12,0.003557812,203.0579,,,194.3733,,,194.0801,,190.2027,
250,LE07_120035_20030128.tif,2003/1/28,-0.413923384,202.7724,,,206.1857,,,,,311.0964,
251,LT05_120035_20030205.tif,2003/2/5,-0.656197481,200.4785,,,203.3928,,,203.4445,,265.3284,
252,LE07_120035_20030213.tif,2003/2/13,-0.758288591,212.873,,,206.0063,,,208.4345,,,
253,LT05_120035_20030309.tif,2003/3/9,0.434603306,196.4719,,,192.1441,,,180.7849,,174.9184,
254,LT05_120035_20030410.tif,2003/4/10,0.620066402,196.8952,,,193.0762,,,,,185.1642,
255,LT05_120035_20031019.tif,2003/10/19,0.432699715,193.5283,,,188.9924,,,178.8953,,181.5613,
256,LT05_120035_20031104.tif,2003/11/4,-0.16029503,201.345,,,203.7259,,,199.7405,,207.0912,
257,LE07_120035_20031112.tif,2003/11/12,-1.255140362,206.2083,,,209.8624,,,,,342.4529,
258,LE07_120035_20031214.tif,2003/12/14,-0.443053873,197.3913,,,201.7085,,,191.877,,199.0691,
259,LT05_120035_20031222.tif,2003/12/22,-1.862769466,,,,,,,387,,387.1982,
260,LT05_120035_20040208.tif,2004/2/8,-1.516573449,208.5047,,,209.8669,290.8783,,329.3454,,348.8142,
261,LT05_120035_20040224.tif,2004/2/24,-0.556529406,203.8455,,,202.5512,,342.4249,191.0126,340.3934,201.471,335.6598
262,LE07_120035_20040303.tif,2004/3/3,-0.808449242,210.0541,,,,,,,,355.4851,
263,LE07_120035_20040319.tif,2004/3/19,-1.827871251,,,,,,,368.1475,,384.9463,
264,LE07_120035_20040404.tif,2004/4/4,-1.637993706,226.7826,290.4146,,,,,380.6027,,388.7556,
265,LT05_120035_20040428.tif,2004/4/28,0.573094777,198.4702,,,193.7584,,,181.0137,,183.5034,
266,LE07_120035_20040506.tif,2004/5/6,-1.08552033,202.1549,,,,,,265.26,,327.3751,
267,LT05_120035_20040514.tif,2004/5/14,0.089450726,204.3475,,,198.3148,,,202.038,,230.5005,
268,LE07_120035_20040725.tif,2004/7/25,1.365507358,190.8705,,,185.3539,,,172.54,,176.2976,
269,LE07_120035_20040927.tif,2004/9/27,-0.888148035,207.2975,,,,,,,,,
270,LT05_120035_20041005.tif,2004/10/5,0.386748155,198.7558,,,196.6282,,,184.0473,,182.4807,
271,LE07_120035_20041013.tif,2004/10/13,-1.286848781,221.8382,307.9012,,231.1129,294.9098,,340.2001,,358.7033,426.8178
272,LT05_120035_20041106.tif,2004/11/6,0.197419437,201.9654,,,188.1212,,,183.4711,,185.7271,
273,LE07_120035_20041114.tif,2004/11/14,-1.979815402,,,,,,,,,355.6634,
274,LT05_120035_20041122.tif,2004/11/22,-0.087111878,198.9592,,,195.2445,,,187.4707,,196.1792,306.5874
275,LE07_120035_20041130.tif,2004/11/30,-1.206792817,205.6005,,,,,,,,,
276,LT05_120035_20041208.tif,2004/12/8,-0.407489714,208.9256,,,201.3895,,327.2559,195.0048,323.8889,264.1275,342.1931
277,LE07_120035_20041216.tif,2004/12/16,-0.53580883,207.4978,,,205.827,,,194.9709,,196.7422,
278,LT05_120035_20041224.tif,2004/12/24,-1.524524532,221.5883,286.2197,,221.5011,,,358.6087,,366.0405,
279,LE07_120035_20050101.tif,2005/1/1,-0.318321641,208.7362,,,203.649,,,200.8517,,264.5121,
280,LT05_120035_20050109.tif,2005/1/9,-1.848804789,234.8109,312.7855,,,,,380.7683,,386.1755,
281,LE07_120035_20050202.tif,2005/2/2,0.4933097,206.4249,,,204.5556,,,,,,
282,LT05_120035_20050210.tif,2005/2/10,-2.301612924,225.9125,285.1516,,,,,367.7322,,372.3268,
283,LE07_120035_20050218.tif,2005/2/18,-0.193963724,,,,,,,,,,
284,LT05_120035_20050226.tif,2005/2/26,-1.409348827,214.3103,,,212.1765,271.0285,,302.5951,,348.3075,
285,LE07_120035_20050306.tif,2005/3/6,-0.230865871,204.702,,,200.446,,,200.1823,307.4857,,
286,LT05_120035_20050314.tif,2005/3/14,-0.332114357,201.5517,,,189.8874,,,183.1502,,216.6238,
287,LE07_120035_20050322.tif,2005/3/22,-0.927166975,,,,210.7735,,,,,,
288,LT05_120035_20050415.tif,2005/4/15,0.770723862,202.5943,,,190.5554,,,183.9128,,170.2114,
289,LE07_120035_20050423.tif,2005/4/23,-1.406077421,216.3854,292.9817,,211.8667,,,358.3225,,,
290,LE07_120035_20050509.tif,2005/5/9,-0.93822416,206.2294,,,203.394,,,,,,
291,LT05_120035_20050602.tif,2005/6/2,0.468010616,196.2026,,,194.0402,,,180.7181,,176.2976,
292,LT05_120035_20050704.tif,2005/7/4,-0.263747964,200.3374,,,202.6752,,,191.8103,,269.1097,
293,LT05_120035_20050720.tif,2005/7/20,-0.266368571,201.0265,,,,,,177.9388,,,
294,LT05_120035_20050906.tif,2005/9/6,-0.531190872,209.7917,,,201.549,,,187.9453,,,
295,LT05_120035_20050922.tif,2005/9/22,-0.117569173,198.2636,,,192.985,,,191.2075,,193.1111,
296,LT05_120035_20051008.tif,2005/10/8,-0.37722795,205.4207,,,200.1596,,,194.5558,,207.016,
297,LE07_120035_20051016.tif,2005/10/16,-1.155983637,,,,217.1737,,,344.9454,,360.364,
298,LT05_120035_20051024.tif,2005/10/24,0.389964146,201.7759,,,193.4406,,,183.5982,,190.9157,
299,LE07_120035_20051101.tif,2005/11/1,-1.617335127,,,,,,,,,,
300,LE07_120035_20051117.tif,2005/11/17,-1.889083455,,,,,,,,,,
301,LT05_120035_20051125.tif,2005/11/25,0.19615071,199.5845,,,185.4306,,,180.8453,,185.3424,
302,LE07_120035_20051219.tif,2005/12/19,-1.204550504,202.4926,,,208.7009,,,224.8311,,285.773,
303,LE07_120035_20060120.tif,2006/1/20,-0.15132239,,,,,,,,,,
304,LT05_120035_20060301.tif,2006/3/1,-2.218017191,229.272,,,,,,364.5716,,362.3813,
305,LE07_120035_20060309.tif,2006/3/9,-0.150450894,198.0296,,,198.268,,,196.7662,,206.2467,
306,LE07_120035_20060325.tif,2006/3/25,-0.221211926,199.9841,,,194.9209,,,,,,
307,LT05_120035_20060402.tif,2006/4/2,-0.006581816,196.1802,,,186.4813,,,185.8692,,181.383,
308,LE07_120035_20060426.tif,2006/4/26,-1.33533614,,,,,,,343.7941,,,
309,LT05_120035_20060520.tif,2006/5/20,1.185356824,187.7303,,,183.97,,,178.4208,,,
310,LE07_120035_20060528.tif,2006/5/28,-0.738081521,,,,,,,,,318.4805,
311,LE07_120035_20060731.tif,2006/7/31,0.86089637,183.1696,,,190.6846,,,180.7849,,175.275,
312,LT05_120035_20060808.tif,2006/8/8,-0.299553737,188.645,,,198.5881,,,240.8803,,306.8556,
313,LT05_120035_20060909.tif,2006/9/9,-1.257021197,199.5832,,,206.0815,,,276.191,,310.843,
314,LE07_120035_20060917.tif,2006/9/17,0.431651372,187.0913,,,187.25,,,183.0897,,177.3203,
315,LE07_120035_20061003.tif,2006/10/3,0.189582033,198.0296,,,190.8885,,,186.1233,,178.0616,
316,LT05_120035_20061027.tif,2006/10/27,-0.528605992,201.5003,,,194.3745,,,193.6321,,275.3958,
317,LE07_120035_20061104.tif,2006/11/4,-1.397698459,212.1629,,,,,,,,,
318,LT05_120035_20061112.tif,2006/11/12,0.309987427,193.4689,,,191.5957,,,187.369,,179.9287,
319,LT05_120035_20061128.tif,2006/11/28,0.468874757,194.5714,,,192.985,,,181.5222,,174.6706,
320,LT05_120035_20061214.tif,2006/12/14,0.081687687,,,,193.8278,,,182.5062,,200.2419,
321,LE07_120035_20061222.tif,2006/12/22,-1.894187822,,,,221.5467,285.1728,,,,,
322,LE07_120035_20070107.tif,2007/1/7,-1.121327796,,,,,,,,,,
323,LT05_120035_20070131.tif,2007/1/31,-1.807059089,,,,,,,,,417.0439,
324,LE07_120035_20070413.tif,2007/4/13,-0.048328079,,,,189.8636,,,,,,
325,LT05_120035_20070421.tif,2007/4/21,0.209239315,,,,,,,184.4144,,182.3026,
326,LT05_120035_20070507.tif,2007/5/7,0.342785043,192.6544,,,186.9037,,,185.0048,,,
327,LE07_120035_20070616.tif,2007/6/16,-0.542144771,188.5573,,,193.7584,,,193.0735,,,
328,LE07_120035_20070904.tif,2007/9/4,0.923379421,190.4617,,,193.7594,,,180.9707,,190.456,217.9974
329,LE07_120035_20071022.tif,2007/10/22,0.091100253,198.8566,,,193.6815,,,185.2929,,,
330,LE07_120035_20071107.tif,2007/11/7,-1.000500144,197.5785,,,206.0815,,,328.2545,,349.3772,
331,LE07_120035_20071123.tif,2007/11/23,-1.421895665,,,447.9178,,,449.3973,,,,
332,LE07_120035_20071209.tif,2007/12/9,-1.911762555,,,,,,,363.8361,,,
333,LE07_120035_20071225.tif,2007/12/25,-2.321318317,,,,,,,370.5291,,378.2285,
334,LE07_120035_20080126.tif,2008/1/26,-1.006215848,201.776,,,197.062,,,191.1301,,267.0923,
335,LT05_120035_20080203.tif,2008/2/3,-0.802590752,207.9781,,,198.6792,,,313.7294,,345.3059,
336,LT05_120035_20080219.tif,2008/2/19,-1.867503539,,,,,,,381.7042,,399.4892,
337,LE07_120035_20080227.tif,2008/2/27,0.198921121,194.9348,,,194.7617,,,192.0041,,205.6087,
338,LE07_120035_20080314.tif,2008/3/14,0.719212672,183.6331,,,186.1293,,,177.8343,,175.275,
339,LE07_120035_20080415.tif,2008/4/15,0.138881483,188.4571,,,195.0651,,,188.7162,,,
340,LT05_120035_20080423.tif,2008/4/23,-0.45446365,198.8566,,,197.935,,,196.1308,,248.4117,
341,LE07_120035_20080501.tif,2008/5/1,0.125212098,,,,,,,,,,
342,LT05_120035_20080525.tif,2008/5/25,0.530061858,189.7351,,,192.7573,,,182.6407,,182.6344,
343,LT05_120035_20080813.tif,2008/8/13,0.224009768,,,,,,,184.8099,,197.5527,
344,LT05_120035_20080829.tif,2008/8/29,-0.521807232,196.8518,,,,,,,,,
345,LE07_120035_20080906.tif,2008/9/6,0.608509215,179.8867,,,186.7443,,,182.3526,,176.6476,
346,LT05_120035_20080914.tif,2008/9/14,-0.833587953,,,,,,,286.6165,,318.4466,
347,LE07_120035_20081024.tif,2008/10/24,0.306856241,,,,190.991,,,188.1062,,183.4898,
348,LE07_120035_20081109.tif,2008/11/9,-0.180882584,,,,,,,195.5545,,195.3118,
349,LE07_120035_20081211.tif,2008/12/11,-1.550963039,,,,,,,360.4778,,362.2918,
350,LE07_120035_20081227.tif,2008/12/27,-1.959928059,,,,,,,,,,
351,LE07_120035_20090112.tif,2009/1/12,-2.454619754,,,,,,,405.2027,,413.1523,
352,LE07_120035_20090128.tif,2009/1/28,-1.618157672,203.4889,,,,,,,,343.1941,370.7135
353,LT05_120035_20090205.tif,2009/2/5,-0.07409865,,,,,,,,,,
354,LE07_120035_20090301.tif,2009/3/1,-0.386451667,188.7327,,,189.1716,,,,,,
355,LT05_120035_20090309.tif,2009/3/9,-1.739420092,,,,,,,,,370.1624,
356,LE07_120035_20090317.tif,2009/3/17,0.506972411,184.5353,,,186.4813,,,185.42,,,
357,LT05_120035_20090325.tif,2009/3/25,-1.612906504,,,,,,,381.5986,,381.4863,
358,LE07_120035_20090402.tif,2009/4/2,0.891863786,193.5691,,,183.1911,,,,,177.1421,
359,LT05_120035_20090410.tif,2009/4/10,-1.417130234,204.0563,,,,,,345.8775,,351.585,
360,LT05_120035_20090426.tif,2009/4/26,-1.207915765,212.0753,,,,,,344.6574,396.3377,358.3469,416.0613
361,LE07_120035_20090504.tif,2009/5/4,0.455776416,194.5714,,,197.4226,,,189.3519,,,
362,LT05_120035_20090512.tif,2009/5/12,-0.112096233,190.374,,,186.4044,,,181.6831,,190.1745,
363,LT05_120035_20090528.tif,2009/5/28,0.576659983,,,,,,,,,,
364,LT05_120035_20090613.tif,2009/6/13,0.748172473,185.4499,,,186.8125,,,182.1915,,173.7175,
365,LE07_120035_20090621.tif,2009/6/21,-0.2551264,202.3147,,,,,,,,288.5315,
366,LT05_120035_20090629.tif,2009/6/29,1.412950926,,,,,,,,,176.5287,
367,LT05_120035_20090715.tif,2009/7/15,1.282109196,182.4429,,,180.3214,,,175.6414,,177.1421,
368,LT05_120035_20090731.tif,2009/7/31,0.800388393,178.1578,,,190.0429,,,183.5049,,178.4449,
369,LT05_120035_20090816.tif,2009/8/16,0.8570315,,,,188,,,182.4797,,177.503,
370,LT05_120035_20090901.tif,2009/9/1,-0.057170755,192.2911,,,191.0678,,,190.6313,,225.4621,
371,LE07_120035_20090909.tif,2009/9/9,-0.130534825,191.3764,,,,,,,,216.8021,
372,LT05_120035_20090917.tif,2009/9/17,-0.715248415,206.5121,,,211.2994,,,289.7559,,331.2595,
373,LE07_120035_20090925.tif,2009/9/25,0.592649585,,,,,,,182,,174.5337,
374,LT05_120035_20091003.tif,2009/10/3,-1.194542934,211.5239,,,,,,335.6294,,358.5461,416.5237
375,LT05_120035_20091019.tif,2009/10/19,-1.679810768,212.5264,,,215.1692,276.0851,397.2357,316.9749,408.2731,349.2573,390.7334
376,LE07_120035_20091027.tif,2009/10/27,0.444886326,186.8156,,,186.9058,,,187.403,,,
377,LT05_120035_20091104.tif,2009/11/4,-1.960018405,,,445.4005,,,429.2454,359.938,,382.3416,
378,LT05_120035_20091120.tif,2009/11/20,-1.222834678,193.9324,,,,,,278.6219,,308.8007,
379,LT05_120035_20091206.tif,2009/12/6,-0.863927758,197.1274,,,194.0556,,,190.4246,,277.4268,
380,LE07_120035_20091230.tif,2009/12/30,-1.5706917,,,,,,,379.8043,,380.2456,
381,LE07_120035_20100115.tif,2010/1/15,-2.046959149,,,,,,,,,,
382,LT05_120035_20100123.tif,2010/1/23,0.378121569,191.013,,,184.036,,,184.9116,,178.6245,
383,LE07_120035_20100216.tif,2010/2/16,-1.445025425,203.7806,,,,,,327.0879,,355.6555,
384,LT05_120035_20100312.tif,2010/3/12,-0.948091959,,,,,,,,406.1449,313.0443,
385,LT05_120035_20100328.tif,2010/3/28,-1.524328834,,,,,,,385.3868,,386.4987,
386,LT05_120035_20100413.tif,2010/4/13,-1.292360745,203.3171,,,227.3457,268.808,,340.9249,,344.6563,
387,LT05_120035_20100429.tif,2010/4/29,-1.258342154,240.3866,,,,,,348.8179,,354.4754,
388,LE07_120035_20100507.tif,2010/5/7,0.726663237,,,,186.2323,,,182.3526,,174.8152,
389,LT05_120035_20100803.tif,2010/8/3,1.149989186,,,,184.7627,,,182.21,,175.4532,
390,LE07_120035_20100811.tif,2010/8/11,-0.952758154,,,,,,,,425.8654,,421.1989
391,LE07_120035_20100912.tif,2010/9/12,-0.349971963,183.0819,,,,,,,,219.6355,
392,LT05_120035_20100920.tif,2010/9/20,-0.271853934,192.2033,,,195.1346,,,193.8598,401.2641,254.4916,386.9616
393,LE07_120035_20100928.tif,2010/9/28,-0.275438994,197.9419,,,,,,,,218.133,
394,LT05_120035_20101006.tif,2010/10/6,-0.959790372,202.866,,,202.2508,,,318.2279,,334.101,
395,LT05_120035_20101022.tif,2010/10/22,-1.383887465,234.1398,,,,,,354.8597,,356.186,
396,LE07_120035_20101030.tif,2010/10/30,0.508455442,181.9904,,,182.9818,,,183.8688,,174.0741,
397,LE07_120035_20101115.tif,2010/11/15,0.269759438,191.2888,,,190.0978,,,190.0337,,200.4202,
398,LT05_120035_20101209.tif,2010/12/9,-1.23873237,193.2057,,,201.3121,,,,,,
399,LE07_120035_20101217.tif,2010/12/17,-0.515642627,188.7327,,,193.5533,,,195.6883,,,
400,LT05_120035_20101225.tif,2010/12/25,-0.829374391,188.0937,,,197.9166,,,,,,
401,LE07_120035_20110102.tif,2011/1/2,-1.588729757,,,,,,,,,354.4624,
402,LT05_120035_20110110.tif,2011/1/10,-0.14895728,188.645,,,191.0934,,,186.6657,,211.7348,
403,LT05_120035_20110126.tif,2011/1/26,0.527878889,180.0747,,,178.3842,,,174.6894,,174.9184,
404,LE07_120035_20110203.tif,2011/2/3,-2.068500283,,,,,,,,,,
405,LT05_120035_20110211.tif,2011/2/11,0.394430427,191.2888,,,185.2073,,,172.9553,,195.6163,
406,LE07_120035_20110307.tif,2011/3/7,-1.154054623,188.2816,,,,,,,,,
407,LE07_120035_20110323.tif,2011/3/23,-0.444216528,199.3076,,,192.6207,,,198.3,,242.4069,
408,LT05_120035_20110331.tif,2011/3/31,-0.96777398,221.5538,,,,,,,,363.6776,
409,LE07_120035_20110408.tif,2011/4/8,0.018300056,186.9159,,,183.3624,,,,,,
410,LT05_120035_20110416.tif,2011/4/16,-1.146936394,203.0951,,,,,,,,375.7052,
411,LT05_120035_20110518.tif,2011/5/18,-1.044969436,,,,,,,,,,
412,LE07_120035_20110611.tif,2011/6/11,1.01252375,178.7968,,,182.8646,,,176.7599,,179.4193,
413,LT05_120035_20110619.tif,2011/6/19,0.229222197,,,,,,,,,192.4535,
414,LE07_120035_20110627.tif,2011/6/27,0.370324572,173.9603,,,178.6814,,,173.1263,,174.082,212.9533
415,LE07_120035_20110713.tif,2011/7/13,-0.194638669,,,,,,,,,,
416,LT05_120035_20110721.tif,2011/7/21,0.911200021,,,,,,,181.073,,180.9239,
417,LT05_120035_20110822.tif,2011/8/22,1.017188532,181.3528,,,178.0035,,,168.2609,,175.2334,
418,LT05_120035_20110923.tif,2011/9/23,0.436921846,183.0819,,,177.0078,,,172.413,,174.082,
419,LE07_120035_20111017.tif,2011/10/17,-0.414333174,184.0842,,,187.4037,,,188.0129,,197.6617,
420,LE07_120035_20111204.tif,2011/12/4,0.131539018,196.4884,,,192.3929,,,183.8863,,,
421,LE07_120035_20120105.tif,2012/1/5,-0.722257507,201.588,,,207.9318,,,222.6279,,,
422,LE07_120035_20120121.tif,2012/1/21,-1.626638067,222.3746,,,,,,,,,
423,LE07_120035_20120325.tif,2012/3/25,-0.938857103,186.0013,,,204.857,,,230.0085,,,
424,LE07_120035_20120528.tif,2012/5/28,1.0631506,178.8845,,,184.8993,,,171.5147,,,
425,LE07_120035_20120816.tif,2012/8/16,-0.471723373,182.7185,,,190.3659,,,,,293.157,
426,LE07_120035_20120901.tif,2012/9/1,-1.135418952,187.0913,,,,,,,,,
427,LE07_120035_20121104.tif,2012/11/4,-0.499360868,192.5667,,,207.1412,,,196.6053,369.0769,216.0609,370.8162
428,LE07_120035_20121206.tif,2012/12/6,0.256905545,191.013,,,199.2051,,,,,,
429,LE07_120035_20130107.tif,2013/1/7,0.176258814,181.8038,,,185.0589,,,174.3306,,,
430,LE07_120035_20130123.tif,2013/1/23,-0.886901759,,,,,,,,,,
431,LC08_119035_20130320.tif,2013/3/20,0.498032519,180.438,,,188.6804,,,181.3089,,180.2744,
432,LC08_120035_20130407.tif,2013/4/7,-0.600032539,224.6254,,,,,,,,,
433,LE07_120035_20130413.tif,2013/4/13,-0.606099262,194.2958,,433.272,200.0912,,377.7934,,350.5528,218.1654,344.0927
434,LC08_120035_20130421.tif,2013/4/21,0.154383411,186.0889,,,197.6998,,231.4902,179.2851,,179.9496,222.9176
435,LE07_120035_20130819.tif,2013/8/19,-0.294424054,190.7373,,,200.0001,,,199.6598,,272.6527,
436,LC08_120035_20130827.tif,2013/8/27,0.824246997,180.1625,,,187.1315,,,165.7994,204.4621,189.8879,
437,LE07_120035_20131006.tif,2013/10/6,-1.58757755,,,442.4812,219.178,286.3686,418.2053,339.0907,402.4398,339.763,
438,LE07_120035_20131107.tif,2013/11/7,-1.02448075,189.0961,,,203.7812,,,191.0545,,,
439,LC08_120035_20131115.tif,2013/11/15,-1.032715814,227.1702,289.0467,,235.4633,275.8556,,342.5135,,350.524,
440,LC08_120035_20131201.tif,2013/12/1,-1.34152826,226.3965,288.5368,,,,,344.0811,,358.8383,
441,LC08_120035_20140102.tif,2014/1/2,-2.496988825,,,,,,,395.7028,,404.1884,
442,LE07_120035_20140110.tif,2014/1/10,0.039234956,,,,,,,,,,
443,LE07_120035_20140126.tif,2014/1/26,0.115389921,190.6497,,,186.9058,,,183.344,,,
444,LE07_120035_20140211.tif,2014/2/11,-1.003935091,192.2911,,,210.2159,,,,,309.6884,
445,LC08_120035_20140219.tif,2014/2/19,-0.678648428,,,,188.1383,,,,,201.9308,
446,LC08_120035_20140307.tif,2014/3/7,0.513389214,186.0013,,,184.5122,,,174.5229,,175.0564,213.0602
447,LE07_120035_20140315.tif,2014/3/15,-1.548059077,199.5832,,424.3384,226.8081,291.6847,,333.5059,,,
448,LC08_120035_20140424.tif,2014/4/24,0.651479725,182.1672,,,182.5425,,,172.6671,,177.9584,
449,LE07_120035_20140502.tif,2014/5/2,-0.329364941,186.9159,,,,,,,,,
450,LC08_120035_20140510.tif,2014/5/10,0.210072714,189.6473,,,186.9058,,,181.9373,,179.2135,219.3315
451,LC08_120035_20140526.tif,2014/5/26,-0.465574847,191.2888,,,212.7636,,321.041,245.2303,344.2437,304.0263,
452,LC08_120035_20140729.tif,2014/7/29,-0.400523345,188.645,,,201.0023,,,192.6497,,207.8157,
453,LE07_120035_20140907.tif,2014/9/7,-0.439683915,,,,,,,,,,
454,LE07_120035_20140923.tif,2014/9/23,-0.936143748,184.7233,,,205.8233,,,,,312.3406,366.4026
455,LC08_120035_20141001.tif,2014/10/1,0.504948829,180.1625,,,179.497,,,173.2434,,178.2392,
456,LC08_120035_20141017.tif,2014/10/17,0.556804094,183.7209,,,183.2139,,226.2192,170.8453,,173.7175,
457,LE07_120035_20141025.tif,2014/10/25,-1.594842542,204.954,,430.3526,,,418.8495,331.5233,,,
458,LC08_120035_20141102.tif,2014/11/2,0.425341284,180.4698,,,184.4439,,,177.6084,,175.7629,
459,LE07_120035_20141110.tif,2014/11/10,-1.248698919,195.5738,,,207.266,,,,,,
460,LC08_120035_20141118.tif,2014/11/18,-0.288962382,189.0083,,,196.6064,,,195.8681,,234.0283,
461,LE07_120035_20141126.tif,2014/11/26,-1.044395545,,,,,,,,,250.0725,
462,LC08_120035_20141204.tif,2014/12/4,-1.222954453,228.2132,274.7504,,,,,366.98,,355.8612,403.3245
463,LE07_120035_20141212.tif,2014/12/12,-0.288055011,,,,,,,196.673,,222.2438,
464,LC08_120035_20141220.tif,2014/12/20,-1.4550392,207.905,299.8799,,,,,342.52,,345.9878,
465,LE07_120035_20141228.tif,2014/12/28,0.453896837,197.4628,,,188.1943,,,183.5659,,,
466,LC08_120035_20150206.tif,2015/2/6,-1.557961156,194.0415,,,213.0056,,,306.2406,,329.5988,
467,LE07_120035_20150214.tif,2015/2/14,0.056969811,195.1603,,,188.8971,,,180.1154,,,
468,LC08_120035_20150222.tif,2015/2/22,-1.108353306,189.923,,,205.307,,,202.6984,,246.8543,
469,LE07_120035_20150302.tif,2015/3/2,-0.974562676,199.7712,291.4434,,,,,341.7703,,354.4624,
470,LC08_120035_20150310.tif,2015/3/10,-0.366323873,195.2104,,,214.3266,,377.9398,266.4717,379.0875,315.6189,
471,LE07_120035_20150403.tif,2015/4/3,-1.342889334,195.2104,,,,,408.8637,342.6158,,,
472,LC08_120035_20150411.tif,2015/4/11,0.757857872,185.9017,,,182.3667,,,177.066,,177.0389,
473,LE07_120035_20150505.tif,2015/5/5,-1.012426378,,,,,,,,,320.9855,
474,LC08_120035_20150513.tif,2015/5/13,0.852848351,188.7312,,,187.3592,,,177.5565,,176.9638,
475,LE07_120035_20150606.tif,2015/6/6,0.164455861,184.8964,,,185.2365,,,,,178.2398,
476,LC08_120035_20150614.tif,2015/6/14,-0.273586084,182.8062,,,198.6792,,,191.2075,,,
477,LE07_120035_20150622.tif,2015/6/22,0.853961241,183.4453,,,186.2205,,,173.6367,,178.9811,
478,LE07_120035_20150708.tif,2015/7/8,1.424599207,176.7675,,,179.2736,,,165.6375,,170.7966,
479,LE07_120035_20150724.tif,2015/7/24,1.164953446,,,,189,,,,,,
480,20150729T024726_20160817T172642_T51STV.tif,2015/7/29,0.00082175,201.1236,,,205,,,208,,226.2315,
481,20150821T025726_20160928T100655_T51STV.tif,2015/8/21,0.61949055,192.6336,,,188.9719,,221.4751,182.1278,,181.308,
482,20150831T025726_20161009T195552_T51STV.tif,2015/8/31,-1.326669833,219,,,,,,344.2437,385.0891,338.3621,384.8618
483,LC08_120035_20150902.tif,2015/9/2,-0.392454347,184.483,,,190.2063,,,188.0159,,182.6872,
484,LE07_120035_20150910.tif,2015/9/10,-0.100776406,185.0866,,,197.9959,,,,,,
485,20150910T025726_20161017T163803_T51STV.tif,2015/9/10,-0.246341078,195.3717,,,,,,197,,,
486,LE07_120035_20150926.tif,2015/9/26,-0.518155171,,,,,,,221.3145,,306.7523,
487,LC08_120035_20151004.tif,2015/10/4,0.644374689,180.0563,,,184.5339,,,179.985,,175.4677,
488,LE07_120035_20151012.tif,2015/10/12,-1.24321817,,,,,,,361.2299,,360.0509,
489,LC08_120035_20151020.tif,2015/10/20,0.2884975,185.1315,,,186.2887,,,175.8937,,176.0306,
490,20151020T025732_20151020T025727_T51STV.tif,2015/10/20,0.414618259,190.2262,,,187.5506,,,183.3569,,181.2047,
491,LE07_120035_20151028.tif,2015/10/28,-1.953785345,,,,,,,385.1476,,396.7293,
492,LE07_120035_20151129.tif,2015/11/29,-1.549857811,191.1472,,,208.7225,,,,,288.9161,
493,20151129T025804_20151129T095610_T51STV.tif,2015/11/29,-1.283322946,222,,,231,,,287.1018,,332.2629,358.8183
494,20151206T024808_20151206T062136_T51STV.tif,2015/12/6,-0.119217356,189.0225,,,188.8898,,,194,,178.9035,
495,LE07_120035_20151215.tif,2015/12/15,-1.13214767,193.2713,,,210.2159,,,,,,
496,20151216T024722_20151216T024725_T51STV.tif,2015/12/16,-0.681111978,202.1252,,,210.8098,,310.4108,229,333.0947,306.687,
497,20151219T025805_20151219T082101_T51STV.tif,2015/12/19,0.544345375,191.9627,,,185.5282,,,182,,185.9084,
498,20151226T025530_20151226T075630_T51STV.tif,2015/12/26,-2.37845375,,,,,,,378.0301,,378.5722,413.1923
499,20151229T025805_20151229T081609_T51STV.tif,2015/12/29,-1.348834889,216,,,222,,,268.0123,,319.7694,
500,20160105T024722_20160105T024725_T51STV.tif,2016/1/5,-0.238473178,193,,,188.0425,,,195,,189.4779,
501,LC08_120035_20160108.tif,2016/1/8,-1.474783706,,,,,,,369.0785,,376.9523,
502,20160108T025817_20160108T062420_T51STV.tif,2016/1/8,-1.600389528,,,,,,,379.0875,,380.9263,
503,20160115T024722_20160115T024723_T51STV.tif,2016/1/15,-0.236794944,193,,,192,,,187.2796,,181.4815,
504,LE07_120035_20160116.tif,2016/1/16,0.35909083,187.434,,,190.9764,,,178.9293,,,
505,20160118T025722_20160118T025719_T51STV.tif,2016/1/18,0.529481278,195.8403,,,190.6117,,,186,,187.2837,
506,LC08_120035_20160124.tif,2016/1/24,-2.27197464,,,,,,,411.0192,,417.9915,
507,20160125T024002_20160125T024527_T51STV.tif,2016/1/25,-2.172632228,,,,,,,398.5205,,397.8979,424.001
508,LE07_120035_20160201.tif,2016/2/1,0.331711042,189.6998,,,193.8462,,,185.581,,182.2275,
509,20160207T025602_20160207T080932_T51STV.tif,2016/2/7,-1.700664117,232.826,266.7113,,,,,388.9396,,388.75,
510,LC08_120035_20160209.tif,2016/2/9,-2.247842403,,,,,,,387.6758,,394.8636,
511,LE07_120035_20160217.tif,2016/2/17,0.3262354,,,,,,,,,179.0562,
512,20160217T025718_20160217T082407_T51STV.tif,2016/2/17,0.201720768,199.782,,,196.5427,,,192.766,,185.1407,
513,LC08_120035_20160225.tif,2016/2/25,-1.422313046,191.321,,,208.177,,,323.0284,,334.3744,
514,20160315T024722_20160315T113406_T51STV.tif,2016/3/15,0.765995128,173.1726,,,170,,,168,,170,
515,LE07_120035_20160320.tif,2016/3/20,-0.993058218,192.2911,,,,,,344.759,,,
516,20160325T023602_20160325T024649_T51STV.tif,2016/3/25,-1.323902433,194.1037,,,199.2212,267.7419,,318.1946,,322.7312,
517,LC08_120035_20160328.tif,2016/3/28,-0.376142122,183.0819,,,191.0934,,,184.8777,,181.8709,
518,20160328T025722_20160328T025719_T51STV.tif,2016/3/28,-0.161403122,204.6702,,,206.4641,,,201.2894,,201.7094,
519,LE07_120035_20160405.tif,2016/4/5,-0.993176346,,,,,,,332.1925,,337.9023,
520,20160407T024602_20160407T024920_T51STV.tif,2016/4/7,-1.859150511,,,446.8061,,,420.3723,389,425.2318,395,428.0261
521,LC08_120035_20160413.tif,2016/4/13,1.020156486,175.965,,,178.7941,,,168.8624,,179.0843,
522,20160417T025723_20160417T080328_T51STV.tif,2016/4/17,0.181084078,199.9199,,,207,,,202.1752,,213.7489,
523,LE07_120035_20160421.tif,2016/4/21,-1.263657996,,,,,,,,,,
524,20160424T023602_20160424T024617_T51STV.tif,2016/4/24,-0.896675361,189.0225,,,197.8546,,,237.7331,,293.9822,
525,LC08_120035_20160429.tif,2016/4/29,0.78744421,181.7161,,,180.9611,,,175.5143,,178.4181,
526,20160504T024732_20160504T024730_T51STV.tif,2016/5/4,-0.349378844,183.1696,,348.5252,195,,326.9857,249.4291,315.9835,302.4521,324.5267
527,LE07_120035_20160507.tif,2016/5/7,-1.522331622,220.9211,278.4444,,,,,367.3837,,,
528,20160507T024552_20160507T025358_T51STV.tif,2016/5/7,-1.512107373,228.5239,267.5677,450.5732,,,420.8994,375.3002,419.4809,379.1158,412.9039
529,20160514T024719_20160514T075818_T51STV.tif,2016/5/14,1.133032653,171,,,169,,,158.6725,,167.9963,
530,20160524T024731_20160524T080331_T51STV.tif,2016/5/24,-0.634172003,185.5402,,,184,,,177.5271,,221.8861,
531,20160606T025732_20160606T025727_T51STV.tif,2016/6/6,-1.077183822,215.8985,,,228,,,328.1821,372.3674,342.3512,385.4746
532,LC08_120035_20160616.tif,2016/6/16,0.2687056,186.3647,,,186.8181,,,181.0391,,194.1339,
533,20160616T024552_20160616T025728_T51STV.tif,2016/6/16,0.191897977,186.413,,,187,,,181.1062,,172.8389,
534,20160626T025723_20160626T080313_T51STV.tif,2016/6/26,0.887494119,184.5386,,,186,,,179.4703,,175.4874,
535,20160703T024728_20160703T075338_T51STV.tif,2016/7/3,-0.487267578,207,,,,,,,,,
536,20160706T025739_20160706T080808_T51STV.tif,2016/7/6,-0.753593433,203.5953,,,211,,,209.0989,,300.3603,333.5168
537,20160713T023552_20160713T024721_T51STV.tif,2016/7/13,1.094212289,182.3977,,,182,,,174.9328,,178.1359,
538,20160723T024732_20160723T024730_T51STV.tif,2016/7/23,-0.126139389,192.2293,,,193.2084,,,190.2443,,192.8237,
539,LE07_120035_20160811.tif,2016/8/11,1.091532396,174.3225,,,182.7768,,,174.8109,,,
540,20160812T024732_20160812T024729_T51STV.tif,2016/8/12,1.035594978,190.7591,,,189.0539,,,173.9116,,174.4766,
541,20160822T023552_20160822T075509_T51STV.tif,2016/8/22,0.047875778,190.9612,,,190.7211,,,181.4135,,179.0762,
542,20160825T025722_20160825T025724_T51STV.tif,2016/8/25,1.166901739,181,,,178,,,,,,
543,LE07_120035_20160827.tif,2016/8/27,0.999188581,175.7684,,,177.2009,,,172.0735,,,
544,20160901T024732_20160901T080011_T51STV.tif,2016/9/1,-1.014736956,208.0792,,,205.3161,,339.2262,302.5127,337.0879,316.7561,
545,20160911T023552_20160911T024711_T51STV.tif,2016/9/11,0.763087089,184.3366,,,180,,,169.3109,,173.7985,
546,LE07_120035_20160912.tif,2016/9/12,0.552670162,182.9202,,,191.9146,,,,,,
547,20160914T025722_20160914T080722_T51STV.tif,2016/9/14,-0.07641455,196.4375,,,199,,,190.0726,,214,
548,LC08_120035_20160920.tif,2016/9/20,-0.570423291,180.0747,,,190.5957,,,186.4114,,206.0685,
549,20161001T023542_20161001T024452_T51STV.tif,2016/10/1,-1.31868265,216.5691,,367.8803,211.9851,287.0654,370.5873,325.9677,376.6692,329.493,388.1622
550,20161004T025722_20161004T080316_T51STV.tif,2016/10/4,-1.083425078,208,,,214.3084,,,249.6008,,292.0312,
551,LC08_120035_20161006.tif,2016/10/6,-0.219650333,188.84,,,189.1021,,,183.7592,,183.7849,
552,20161011T024722_20161011T024721_T51STV.tif,2016/10/11,0.488102822,183,,,180,,,169.2747,,170.2609,
553,LE07_120035_20161014.tif,2016/10/14,-0.6938707,196.456,,,203.6564,,,296.3754,,310.5616,
554,20161014T024652_20161014T080629_T51STV.tif,2016/10/14,-0.757752999,208.3456,,,211.329,,,203.8474,,284.6807,
555,LE07_120035_20161030.tif,2016/10/30,-1.403822329,,,,,,,357.5613,,364.6331,
556,20161103T024852_20161103T025456_T51STV.tif,2016/11/3,-1.297574578,220.9153,,,224.2844,,,314.6515,,324.1961,
557,20161110T023932_20161110T061107_T51STV.tif,2016/11/10,0.188558989,189,,212.0753,,,207.8896,179.7415,203.2088,173.4659,203.3663
558,LE07_120035_20161115.tif,2016/11/15,-2.215421733,,,,,,,391.4958,,387.8844,
559,20161120T024012_20161120T024319_T51STV.tif,2016/11/20,0.2316889,195.1696,,,187.8513,,,185.3996,,180.4707,
560,20161130T024722_20161130T061022_T51STV.tif,2016/11/30,-1.850334683,230.4069,284.2642,,,,401.203,379,404.4421,376.5186,410.8561
561,LE07_120035_20161201.tif,2016/12/1,-1.844757125,,,,,,,337.4038,,342.8094,
562,20161203T025102_20161203T025449_T51STV.tif,2016/12/3,-1.3931186,,,,,,,,,,
563,LC08_120035_20161209.tif,2016/12/9,0.276370152,181.9919,,,191,,,173.2434,,,
564,20161210T024112_20161210T024108_T51STV.tif,2016/12/10,-0.050341533,194.9674,,,192.0056,,,190.0726,,182,
565,LE07_120035_20161217.tif,2016/12/17,-1.419246029,,,,,,,,,,
566,LC08_120035_20170110.tif,2017/1/10,-1.237413202,199.3164,289.4828,,,,,350.4315,,357.4851,
567,20170112T025051_20170112T025049_T51STV.tif,2017/1/12,-2.323546675,,,,,,,413,,409.1699,
568,LC08_120035_20170126.tif,2017/1/26,-1.685670968,210.2458,271.6946,473.2037,,,445.0768,368.3598,430.8383,381.0901,427.0479
569,20170201T025721_20170201T025716_T51STV.tif,2017/2/1,-0.920950258,199.9841,,,204.8789,,,195.1523,,223.786,
570,LC08_120035_20170211.tif,2017/2/11,-2.378878753,218.4104,293.7679,,,,,400.0374,,403.3736,
571,20170211T024831_20170211T025103_T51STV.tif,2017/2/11,-2.3493938,,,,,,,422,,414.972,
572,20170218T024721_20170218T024720_T51STV.tif,2017/2/18,0.308607792,193.4973,,,193.7003,,,192,,182.038,
573,LC08_120035_20170227.tif,2017/2/27,-2.056921029,221.3722,292.9535,,,,,369.0391,,374.4386,
574,20170303T025721_20170303T025715_T51STV.tif,2017/3/3,-0.3138608,196.1711,,227.4866,194.2195,,220.6935,199,,210.2304,319.4327
575,LE07_120035_20170307.tif,2017/3/7,0.40143297,181.5282,,,187.1315,,,179.2512,,,
576,20170310T024721_20170310T024718_T51STV.tif,2017/3/10,-1.285423217,228.7345,276.5264,,,,,368,,363.6923,
577,LC08_120035_20170315.tif,2017/3/15,-1.161036524,184.8109,,,202.779,,,277.3493,,314.2567,
578,LE07_120035_20170323.tif,2017/3/23,0.09951315,184.3599,,,187.8148,,,182.6067,,,
579,20170323T025721_20170323T025715_T51STV.tif,2017/3/23,-0.029990912,191.825,,,189.9832,,,179.0274,,174.547,
580,LC08_120035_20170331.tif,2017/3/31,-0.782604662,180.6833,,,187.8148,,,184.1405,,235.4978,
581,20170402T024541_20170402T025302_T51STV.tif,2017/4/2,0.569268564,195.9045,,,188.8625,,,179.7415,,178.7116,
582,20170409T023551_20170409T024559_T51STV.tif,2017/4/9,-1.27911195,217.8371,285.9871,,,,,352.5953,,363.8842,
583,20170412T025721_20170412T025721_T51STV.tif,2017/4/12,-1.451135442,225.39,289.4917,,,,388.7749,370.8353,406.017,375.0025,410.6801
584,20170419T024731_20170419T024726_T51STV.tif,2017/4/19,0.748241,189.3533,,,188,,,175.1047,,171.9689,
585,20170422T024551_20170422T025553_T51STV.tif,2017/4/22,0.128723467,193.433,,,191.6503,,,182.7422,,178.379,
586,LE07_120035_20170424.tif,2017/4/24,-0.91127448,192.4515,,428.3479,205.6032,,414.5447,333.1432,418.1025,352.6985,416.0148
587,20170429T023551_20170429T024603_T51STV.tif,2017/4/29,-0.641928975,198.7161,,,204,,,196.8244,,264.4336,
588,20170512T024551_20170512T025555_T51STV.tif,2017/5/12,-0.942502167,207,,,203,,,278.1717,,315.1888,
589,LC08_120035_20170518.tif,2017/5/18,0.914910243,180.3759,,,185.4233,,,173.6585,,180.1554,
590,20170519T023551_20170519T024604_T51STV.tif,2017/5/19,0.949914975,182.5998,,,184,,,171.6609,,176.1848,
591,LE07_120035_20170526.tif,2017/5/26,-1.316122147,,,,,,,362.3183,,362.3459,
592,20170601T024551_20170601T025554_T51STV.tif,2017/6/1,1.441440925,179.4575,,,178,,,169.7177,,174.4766,
593,LC08_120035_20170603.tif,2017/6/3,0.973683417,178.521,,,187.587,,,174.2009,,177.7086,
594,20170608T023551_20170608T024603_T51STV.tif,2017/6/8,-0.726825475,,,,,,,,,335,
595,20170611T025721_20170611T025723_T51STV.tif,2017/6/11,-0.672434592,200.7193,,,197.2807,,,193.3808,,274.5732,
596,LE07_120035_20170627.tif,2017/6/27,0.052302353,184.6355,,,183.8744,,,174.5567,,181.9178,
597,20170628T023551_20170628T024559_T51STV.tif,2017/6/28,0.6827428,193.9659,,220.3399,187,,,174.9692,,177.7008,
598,LC08_120035_20170705.tif,2017/7/5,0.184395885,187.3574,,,,,,,,183.1651,
599,20170711T024551_20170711T025552_T51STV.tif,2017/7/11,-0.40192855,206.0025,,,194.7935,,,192.9017,,247.0269,
600,LE07_120035_20170713.tif,2017/7/13,0.323855375,,,,,,,,,,
601,20170713T023549_20170713T024601_T51STV.tif,2017/7/13,0.295399602,196.1067,,,196.4607,,226.6539,180.6634,,176.7413,
602,LC08_120035_20170721.tif,2017/7/21,0.175171258,185.2745,,,201.3721,,,187.7842,,237.0351,
603,20170721T025721_20170721T025723_T51STV.tif,2017/7/21,-0.008052591,198.2476,,,201,,,184.1071,,185.5757,
604,20170726T025719_20170726T025722_T51STV.tif,2017/7/26,-0.449978281,204.3303,,,201.5445,,,192.9378,,,
605,LE07_120035_20170729.tif,2017/7/29,1.070862081,191.0998,,,,,,183.2169,,192.8258,228.7624
606,20170802T023549_20170802T024600_T51STV.tif,2017/8/2,0.760066972,195,,,193,,,175.7194,,174.0416,
607,LC08_120035_20170806.tif,2017/8/6,-0.445995304,185.2745,,,202.0728,,241.7284,198.6942,,273.9416,
608,20170807T023551_20170807T024603_T51STV.tif,2017/8/7,-0.611349725,206.0025,,,207,,,262.318,,284.105,
609,20170810T025721_20170810T025724_T51STV.tif,2017/8/10,-0.549257358,,,,198,,,190.3437,,,
610,20170822T023549_20170822T024558_T51STV.tif,2017/8/22,-1.025584708,,,,215,283.5397,,317.1371,,329.3523,
611,20170825T024539_20170825T025536_T51STV.tif,2017/8/25,-0.2749876,208.6121,,,205.4255,,,198.3609,,,
612,20170827T023551_20170827T024602_T51STV.tif,2017/8/27,0.658678475,191.825,,,192,,,169.4465,,174.547,
613,LC08_120035_20170907.tif,2017/9/7,-1.026131306,185.9313,,,205.011,,,289.9194,,312.5788,
614,20170911T023539_20170911T024553_T51STV.tif,2017/9/11,0.291295725,204.0639,,,197.0074,,,182.2995,,180.6115,
615,LC08_120035_20170923.tif,2017/9/23,-0.715116739,183.4453,,,205.2377,,,193.2386,,260.3867,
616,20170924T025709_20170924T025709_T51STV.tif,2017/9/24,-0.543645125,199.9841,,,200.2325,,,195,276.9283,221.8156,
617,20171019T024721_20171019T025453_T51STV.tif,2017/10/19,-1.369379433,,,,,,,362,384.7051,360.7495,
618,20171021T023709_20171021T024723_T51STV.tif,2017/10/21,-1.462166517,226.2628,285.3373,395.9518,243.772,272.0605,,357.8468,,349.5993,
619,20171024T024739_20171024T024947_T51STV.tif,2017/10/24,-0.668687733,218.4344,,,216,,,207.1194,,259.5015,
620,LC08_120035_20171025.tif,2017/10/25,-0.186924343,182.0722,,,186.8181,,,178.5141,,185.4925,
621,20171029T025721_20171029T025722_T51STV.tif,2017/10/29,0.497034658,197.779,,,194,,,179.2986,,179.1466,
622,LE07_120035_20171102.tif,2017/11/2,-1.066715377,190.8665,,,,,,,,,
623,20171103T024839_20171103T025711_T51STV.tif,2017/11/3,-1.498497717,241.9106,,,257.1919,288.0497,,371.5854,,363.9034,
624,20171105T024731_20171105T024725_T51STV.tif,2017/11/5,-2.112374919,245.0529,281.5373,,,,,396.0982,,396.3626,
625,20171108T024921_20171108T025126_T51STV.tif,2017/11/8,-0.960077275,224,,,221,,,213.2565,,265.4956,
626,LC08_120035_20171110.tif,2017/11/10,0.397114481,176.2094,,,,,,172.7011,,180.107,
627,20171113T024929_20171113T025137_T51STV.tif,2017/11/13,0.351863594,208,,,201,,222.7117,193,,181.7245,
628,20171115T023951_20171115T024215_T51STV.tif,2017/11/15,-0.665420392,221,,,220,,,276.9425,,302.5033,
629,20171118T025721_20171118T025719_T51STV.tif,2017/11/18,-1.731919083,,,,,,,,,,
630,20171120T023959_20171120T024223_T51STV.tif,2017/11/20,-1.707841811,232.7498,284.7581,,,,390.5709,363.3694,,363.7115,
631,20171123T025009_20171123T025106_T51STV.tif,2017/11/23,-0.877028517,221.9811,,,224,,,290,357.1328,319,359.7964
632,20171125T024721_20171125T024721_T51STV.tif,2017/11/25,-0.091579942,210.5509,,223.5523,206,,374.7184,200,342.3365,199.1315,342.338
633,LC08_120035_20171126.tif,2017/11/26,0.226732309,178.4333,,,191.2085,,,177.8472,,174.8182,
634,20171128T025041_20171128T025246_T51STV.tif,2017/11/28,0.334919392,196.511,,218.2756,194,,212.7368,183,211.6815,178,198.0956
635,20171130T024039_20171130T024304_T51STV.tif,2017/11/30,-0.294293,210.1465,,,212,,,206,,252.97,
636,LE07_120035_20171204.tif,2017/12/4,-2.334896773,222.854,294.5965,,,,,389.2948,,401.3845,
637,20171205T024101_20171205T024324_T51STV.tif,2017/12/5,-2.295677628,235.0194,270.8631,,,,451.1319,414.2024,432.4784,413.5966,434.2749
638,20171208T025721_20171208T025717_T51STV.tif,2017/12/8,-0.671736483,213.0225,,,211.5206,,,207,,266.6982,344.156
639,20171210T024059_20171210T024059_T51STV.tif,2017/12/10,0.498134708,201.1236,,,200,,,185.1284,,179.2682,
640,LC08_120035_20171212.tif,2017/12/12,0.250710853,188.6061,,,187.9059,,,176.6335,,181.3679,
641,20171213T025109_20171213T025607_T51STV.tif,2017/12/13,-0.067801175,209.8801,,,207,,,197.7101,,191.3076,
642,20171218T025121_20171218T025325_T51STV.tif,2017/12/18,-1.969077225,243.4451,270.7253,417.5805,,,404.2683,380.4523,,381.5533,
643,LE07_120035_20171220.tif,2017/12/20,-1.812071508,,,,,,,,,,
644,20171220T024109_20171220T024337_T51STV.tif,2017/12/20,-1.793082557,239.8341,279.8217,428.4687,,,406.2122,372.643,,373.9406,406.043
645,20171223T025119_20171223T025321_T51STV.tif,2017/12/23,-0.832450406,211.9567,,,204.4143,,,206,,,
646,20171225T024121_20171225T024343_T51STV.tif,2017/12/25,0.0521311,206.2047,,,199.6858,,,201,,199.5663,
647,LC08_120035_20171228.tif,2017/12/28,0.338478125,183.9088,,,190.2063,,,179.2354,,187.5604,
648,20171228T025721_20171228T025716_T51STV.tif,2017/12/28,0.226590352,196,,,190,,,179,,179,
649,20180102T025109_20180102T025108_T51STV.tif,2018/1/2,-2.4032242,240.9734,271.7268,,,,433.2707,408,425.6864,407.7944,424.1201
650,LE07_120035_20180105.tif,2018/1/5,-1.459851585,,,,,,,,,,
651,20180109T024049_20180109T024320_T51STV.tif,2018/1/9,0.445483053,200.9214,,,193.2084,,,192.3233,,183.4135,
652,20180112T025049_20180112T025254_T51STV.tif,2018/1/12,-0.407027753,214.8969,,,207.8307,,,208.7553,,258.0045,282.6932
653,LC08_120035_20180113.tif,2018/1/13,-0.959130163,199.1996,,,204.9558,,,291.1588,,334.101,
654,20180114T024041_20180114T024307_T51STV.tif,2018/1/14,-1.343020158,231.2797,,463.0037,249.5118,271.7872,435.7736,358.8682,422.7349,363.3277,422.9667
655,20180119T024019_20180119T024019_T51STV.tif,2018/1/19,-1.713663606,225.9964,,,240.6563,272.3337,,351,,350.367,
656,20180124T024721_20180124T024720_T51STV.tif,2018/1/24,0.265390442,203,,,197,,,186.3939,,180.8354,
657,20180127T024951_20180127T025724_T51STV.tif,2018/1/27,0.145999792,197,,,192,,,182,,183.4135,
658,LC08_120035_20180129.tif,2018/1/29,-1.184315683,205.7569,285.3857,,,,388.1846,352.7697,393.1891,357.0412,387.8736
659,20180129T023939_20180129T024206_T51STV.tif,2018/1/29,-1.217630035,229,,,249.7029,270.7758,,357,,354.5315,
660,20180201T024929_20180201T025132_T51STV.tif,2018/2/1,-2.560233067,247.3226,274.0698,,,,,416,,412.3429,
661,20180203T023911_20180203T024142_T51STV.tif,2018/2/3,-1.677152486,224.5263,281.7604,,,,,363,,362.1442,389.7314
662,LE07_120035_20180206.tif,2018/2/6,0.216409761,185.3907,,,189.3637,,,178.2004,,182.1242,
663,20180208T023839_20180208T024334_T51STV.tif,2018/2/8,0.362914292,196.7775,,,191,,,178.006,,181,
664,20180211T024829_20180211T025320_T51STV.tif,2018/2/11,-0.525275283,221.6503,,,219.0914,,,292,,306.7383,
665,20180213T023821_20180213T024645_T51STV.tif,2018/2/13,-1.400177258,239.5676,271.8003,453.1886,,,452.2042,390,428.7525,384.6558,421.9322
666,20180221T024719_20180221T025442_T51STV.tif,2018/2/21,-0.1696879,209.8157,,,204,,,201,,220.1077,
667,20180223T023711_20180223T024722_T51STV.tif,2018/2/23,0.552086297,192.0271,,,188,,,179,207.8924,177.7008,
668,20180226T024651_20180226T024652_T51STV.tif,2018/2/26,-0.251287517,205,,,196,,,190,,188.1538,
669,LC08_120035_20180302.tif,2018/3/2,-2.31274511,248.9305,284.9029,,,,,399.6289,,421.7914,
670,20180305T023601_20180305T024141_T51STV.tif,2018/3/5,-0.961260981,220,,,212.6411,,,277.6926,,319.6671,
671,LE07_120035_20180310.tif,2018/3/10,0.452855725,186.8962,,,197.7117,,,188.3192,,,
672,20180310T023539_20180310T024209_T51STV.tif,2018/3/10,0.456737318,199.0469,,,195,,,182.4349,,178,
673,20180313T024539_20180313T025637_T51STV.tif,2018/3/13,-0.46547175,215.4299,,,211.1651,,,209,,267.901,
674,20180323T024539_20180323T025358_T51STV.tif,2018/3/23,0.378349225,205.2032,,,198.4013,,,189.1868,,188,
675,20180325T023651_20180325T024543_T51STV.tif,2018/3/25,0.735761133,189.4912,,,183,,,171.9682,,175,
676,20180328T024651_20180328T024825_T51STV.tif,2018/3/28,-0.593378592,209.1451,,395.8041,207,,359.0574,202,339.3617,271.6305,343.2949
677,20180330T023549_20180330T024337_T51STV.tif,2018/3/30,-1.819831919,249.6656,278.618,,,,,399,,397.1303,
678,20180402T024539_20180402T025132_T51STV.tif,2018/4/2,-1.496174425,231.5461,,,255.7159,284.0864,,350.9593,,347.0916,
679,20180404T023551_20180404T024131_T51STV.tif,2018/4/4,-0.289637975,204.1282,,,200,,,190.3798,,,
680,20180407T024551_20180407T025136_T51STV.tif,2018/4/7,0.694198767,200.9214,,,200.1505,,,192.6304,,187.3861,
681,20180409T023549_20180409T024520_T51STV.tif,2018/4/9,0.610618681,196.6397,,,190.2564,,,179.163,,172.1416,
682,LE07_120035_20180411.tif,2018/4/11,-0.016956202,187.7303,,,,,,,,,
683,20180414T023551_20180414T024309_T51STV.tif,2018/4/14,-1.251519725,216.6335,,397.3636,245.6306,272.5251,397.3492,337.7993,376.2417,337,387.7399
684,20180417T024551_20180417T025640_T51STV.tif,2018/4/17,-1.508351833,223.3869,283.2306,,,,,356.482,397.6897,353.0667,406.4089
685,LC08_120035_20180419.tif,2018/4/19,-0.512321417,184.0842,,,197.3809,,,184.1151,,238.9541,
686,20180419T023549_20180419T024209_T51STV.tif,2018/4/19,-0.507997191,207.9413,,,206,,,199.2106,,252.3239,
687,LE07_120035_20180427.tif,2018/4/27,-0.703179425,202.4268,,,216.1714,,,321.9648,,334.7181,
688,20180427T024551_20180427T025641_T51STV.tif,2018/4/27,-0.795606583,208.8786,,,213.543,,,292.3532,,319.7885,352.4359
689,20180429T023549_20180429T024340_T51STV.tif,2018/4/29,-1.463631408,,,,,,,,,,
690,20180502T024549_20180502T025438_T51STV.tif,2018/5/2,-0.818526072,,,,,,,,,,
691,20180504T023551_20180504T024434_T51STV.tif,2018/5/4,0.15873085,196.3732,,,189.3272,,,187.9575,,182.23,
692,20180509T023549_20180509T024130_T51STV.tif,2018/5/9,0.714483931,191.7607,,,190,,,176.4695,,181.0977,
693,20180512T024549_20180512T025308_T51STV.tif,2018/5/12,-0.266402111,209,,,195.9688,,,193.9229,,247.5835,297.8155
694,20180514T023551_20180514T024123_T51STV.tif,2018/5/14,-1.11671955,,,,,,,338.414,,,
695,20180519T023549_20180519T024502_T51STV.tif,2018/5/19,0.262214186,196.8417,,,190.6117,,,179.6058,,177.1954,
696,LC08_120035_20180521.tif,2018/5/21,1.255221116,176.4286,,,,,,177.048,,177.8832,
697,20180527T024551_20180527T025723_T51STV.tif,2018/5/27,-0.619857067,194.9674,,,191.7323,,,,,,
698,20180601T024539_20180601T025121_T51STV.tif,2018/6/1,-0.3539799,204.2016,,,202.4737,,,197.403,,249.9889,
699,20180603T023651_20180603T024534_T51STV.tif,2018/6/3,0.4322283,187.8831,,,185.4462,,,176.2979,,172.8582,
700,20180606T024651_20180606T025556_T51STV.tif,2018/6/6,1.0535524,,,,184,,,174.5263,,173.9904,
701,20180608T023549_20180608T024118_T51STV.tif,2018/6/8,0.897808178,192.7621,,,,,,,,,
702,20180611T024549_20180611T025246_T51STV.tif,2018/6/11,-0.079618206,202.8602,,,200,,,192.3233,253.7723,188.2945,
703,20180613T023551_20180613T024256_T51STV.tif,2018/6/13,-0.89234345,208.4099,,400.4031,224,,377.8702,305.5134,,314.6323,
704,20180621T024549_20180621T025018_T51STV.tif,2018/6/21,1.406773303,187.8831,,,185,,,174.6619,,179.5303,
705,20180623T023551_20180623T024431_T51STV.tif,2018/6/23,0.5985,189.289,,,184,,,169.4465,,169.4932,
706,LE07_120035_20180630.tif,2018/6/30,-0.4028523,181.077,,,,,,,,188.8703,
707,20180703T023551_20180703T024121_T51STV.tif,2018/7/3,0.630396375,195.9045,,,189,,,183,,172,
708,20180706T024551_20180706T025126_T51STV.tif,2018/7/6,1.250805017,189.0225,,,181,,,177,,174.9819,
709,20180726T024551_20180726T025126_T51STV.tif,2018/7/26,-0.420472492,204.266,,,201,,,200.0963,,,
710,20180728T023549_20180728T024645_T51STV.tif,2018/7/28,-0.592366606,204.3303,,,,,,,,,
711,20180731T024539_20180731T025114_T51STV.tif,2018/7/31,-0.071293775,201.6565,,,203.2117,,,199.9246,,188.7808,242.8854
712,20180802T023551_20180802T024121_T51STV.tif,2018/8/2,0.692452625,187.4146,,,183.0409,,,172.3118,,173.7281,
713,20180807T023549_20180807T024116_T51STV.tif,2018/8/7,0.946608819,192.6979,,,187,,,177,,177.0738,
714,20180810T024539_20180810T025301_T51STV.tif,2018/8/10,-0.441076992,212.0853,,,223.2732,,,243.7347,295.082,281.962,
715,20180822T023551_20180822T024441_T51STV.tif,2018/8/22,0.291709475,182.802,,,185.2548,,,183.836,,171.8986,
716,LC08_120035_20180825.tif,2018/8/25,-0.533404533,181.7161,,,212.5587,,,240.7785,,279.8735,
717,20180825T024551_20180825T025135_T51STV.tif,2018/8/25,-0.555922357,207.4083,,,216.7955,,,249.5284,,258.1069,
718,20180830T024539_20180830T025025_T51STV.tif,2018/8/30,-0.187738617,208.5477,,,207.9127,,,208.8549,,197.9799,273.6086
719,20180901T023551_20180901T024119_T51STV.tif,2018/9/1,0.540012,185.1451,,,180.6356,,,178.9913,,171.8281,
720,LE07_120035_20180902.tif,2018/9/2,0.847289665,182.7185,,,194.1466,,,180.7202,,186.853,
721,20180904T024541_20180904T025134_T51STV.tif,2018/9/4,1.021147114,181.3319,,,182,,,166.753,,173.0308,
722,20180909T024539_20180909T025224_T51STV.tif,2018/9/9,-1.044653158,229.1389,,,239,,,328.6613,,345.2427,
723,LE07_120035_20180918.tif,2018/9/18,0.794024453,188.5573,,,194.7617,,,185.2929,,,
724,LC08_120035_20180926.tif,2018/9/26,-1.092498192,,,,,,,,,,
725,20180926T023539_20180926T024041_T51STV.tif,2018/9/26,-1.093638009,219.3073,,364.6852,230.926,,358.7038,311.1714,374.2231,329.9281,
726,20180929T024539_20180929T024837_T51STV.tif,2018/9/29,-0.470631633,205.8005,,,214.117,,232.0211,215.2993,340.5995,243.3165,333.1759
727,20181001T023551_20181001T024128_T51STV.tif,2018/10/1,0.336720425,197.1083,,,197.2807,,,198.4242,,182.4218,246.795
728,LE07_120035_20181004.tif,2018/10/4,0.651938292,173.5094,,,180.2076,,,171.2605,,176.8605,
729,20181004T024541_20181004T025132_T51STV.tif,2018/10/4,0.60755363,186.7438,,,181.0182,,,183,193.5859,175.1739,
730,20181011T023621_20181011T024203_T51STV.tif,2018/10/11,-1.407927333,218,283.0284,,,,,354.5388,,351.3584,
731,LC08_120035_20181012.tif,2018/10/12,-0.995768363,192.3721,,,214.1034,,,263.3264,,308.3893,
732,20181016T023659_20181016T024616_T51STV.tif,2018/10/16,0.484141489,196.3732,,,195,,,194,,180,
733,20181019T024719_20181019T025734_T51STV.tif,2018/10/19,0.350392081,200.3885,,,199,,,193.7875,,186.4458,
734,LE07_120035_20181020.tif,2018/10/20,-0.014099636,,,,,,,,,,
735,20181024T024751_20181024T024908_T51STV.tif,2018/10/24,-1.421869825,225.3256,256.4833,,,,,371.8929,410.3451,361.1847,399.2076
736,20181026T023759_20181026T024301_T51STV.tif,2018/10/26,-1.606593856,239.7698,299.1448,,,,,373.6643,,368.6245,
737,LC08_120035_20181028.tif,2018/10/28,-0.976325223,201.2553,,,210.409,,,280.7319,,324.1952,
738,20181029T024819_20181029T025219_T51STV.tif,2018/10/29,-0.595397961,219.1052,,364.9185,233.3587,,339.2299,271.691,307.4302,267.2741,
739,20181031T023831_20181031T024359_T51STV.tif,2018/10/31,0.490562608,200.655,,,198.4833,,,202,,181.8461,
740,20181103T024851_20181103T025337_T51STV.tif,2018/11/3,0.286930033,202.1895,,,196.7341,,,194.2304,,182.9783,
741,20181110T023921_20181110T023920_T51STV.tif,2018/11/10,-1.535587717,224.7928,,371.937,233.222,273.6456,370.8749,353.5174,376.3564,347.4051,367.6731
742,LC08_120035_20181113.tif,2018/11/13,-0.391889508,184.9988,,,,,,200.7858,,206.0685,
743,20181113T024941_20181113T025427_T51STV.tif,2018/11/13,-0.265375376,206.7376,,,212,,,211,,232.6526,
744,20181120T024001_20181120T024004_T51STV.tif,2018/11/20,-0.745786067,208.6121,,,215.5109,,,255.5662,,249.4835,339.7695
745,20181123T025021_20181123T025206_T51STV.tif,2018/11/23,-1.933008333,231.7483,250.6028,426.7172,,,422.8322,380.8591,407.7065,379.1158,410.7576
746,20181128T025039_20181128T025631_T51STV.tif,2018/11/28,-0.355697683,211.1481,,,215,,,217.6853,,240.1628,
747,20181210T024101_20181210T024102_T51STV.tif,2018/12/10,-1.567777158,214.4283,,,222.344,,,299.6834,,331.5658,
748,20181213T025111_20181213T025601_T51STV.tif,2018/12/13,-0.444694347,203.5953,,,210,,,204.4259,,228.8015,257.7403
749,20181215T024109_20181215T024111_T51STV.tif,2018/12/15,0.167644617,201.4543,,,190.3384,,,182.7422,,,
750,20181218T025119_20181218T025524_T51STV.tif,2018/12/18,-0.061611947,200.593,,,201.2301,,225.4358,197.4998,,186.9974,261.0126
751,20181223T025121_20181223T025608_T51STV.tif,2018/12/23,-2.297211208,226.5719,253.0092,,,,,385.5734,,394.0192,
752,LE07_120035_20181223.tif,2018/12/23,-2.26574161,,,,,,,,,,
753,20181228T025119_20181228T025711_T51STV.tif,2018/12/28,0.062753828,208.6097,,,211.3201,,229.4074,209.3597,258.6114,237.8096,271.8845
754,20181230T024111_20181230T024113_T51STV.tif,2018/12/30,0.577481689,190.1412,,,180.6629,,,172.8309,,175.478,
755,LC08_120035_20181231.tif,2018/12/31,0.29489845,185.6379,,,190.9124,,,182.1915,,181.66,217.5104
756,20190102T025111_20190102T025653_T51STV.tif,2019/1/2,-0.642593125,204.7551,,,212.1629,,,247.7865,,284.3655,
757,LE07_120035_20190108.tif,2019/1/8,-1.707418199,198.1298,,,214.2355,,,,,,
758,20190114T024049_20190114T024047_T51STV.tif,2019/1/14,0.291291681,198.6218,,,191.9146,,,184.3744,,179.9007,
759,LC08_120035_20190116.tif,2019/1/16,0.103810384,190.2516,,,197.8365,,,196.9898,,182.5154,
760,20190117T025029_20190117T025524_T51STV.tif,2019/1/17,-0.153799628,204.144,,,203.69,,,204.2464,,189.5306,231.1198
761,20190122T025021_20190122T025019_T51STV.tif,2019/1/22,-2.510282808,231.2797,256.3923,,,,,400.7711,,406.5485,430.9958
762,20190124T024009_20190124T024733_T51STV.tif,2019/1/24,-1.488660017,215.2086,,,219.5651,,,293.434,,325.2235,
763,LE07_120035_20190124.tif,2019/1/24,-1.344038929,203.6804,,,,,,,,,
764,20190127T024959_20190127T025536_T51STV.tif,2019/1/27,0.348028142,200.2811,,,201.3895,,,196.2239,,183.5764,
765,20190129T023941_20190129T024515_T51STV.tif,2019/1/29,0.308050706,192.7961,,,189.1358,,,180.3257,,181.5412,
766,20190201T024931_20190201T025511_T51STV.tif,2019/2/1,-0.973553028,217.726,,,220.1801,,,303.3076,360.6189,328.5579,366.0451
767,LC08_120035_20190201.tif,2019/2/1,-1.075753291,207.6494,,,223.4145,276.6317,,344.6415,,344.5451,
768,20190211T024841_20190211T025242_T51STV.tif,2019/2/11,0.021917753,192.1812,,,196.6064,,,195.1569,,183.7849,
769,20190216T024809_20190216T025543_T51STV.tif,2019/2/16,-0.4243146,205.2675,,,207.8582,,,206.917,,246.0099,273.0526
770,20190221T024731_20190221T025306_T51STV.tif,2019/2/21,-2.365044364,231.5461,253.1617,,,,414.5631,380.0865,,384.1386,
771,20190223T023719_20190223T024350_T51STV.tif,2019/2/23,-0.8624292,209.4315,,,214.1671,,,212.9002,,264.9878,
772,LE07_120035_20190225.tif,2019/2/25,0.415879962,,,,192.2978,,,186.0302,,,
773,20190313T024541_20190313T025624_T51STV.tif,2019/3/13,0.3932608,192.4515,,,196.9936,,,193.8896,,185.2814,231.0986
774,20190315T023549_20190315T024704_T51STV.tif,2019/3/15,0.576922281,192.4886,,,186.4481,,,178.2805,,178.9811,
775,20190323T024541_20190323T025141_T51STV.tif,2019/3/23,-1.679461208,221.9377,,,,,,343.3741,,351.3193,
776,20190325T023549_20190325T024132_T51STV.tif,2019/3/25,-0.107565289,195.3829,,330.0487,195.9915,,224.8977,195.5578,249.5278,190.0935,261.5544
777,20190328T024649_20190328T025528_T51STV.tif,2019/3/28,0.674720067,193.0634,,,184.6717,,,178.08,,183.2517,
778,20190330T023551_20190330T024431_T51STV.tif,2019/3/30,0.146475825,194.0692,,,189.2953,,,189.8871,,181.0431,
779,20190402T024551_20190402T025733_T51STV.tif,2019/4/2,-0.846236108,219.0676,,,232.5249,,,337.8391,,335.6925,401.9944
780,20190412T024551_20190412T025207_T51STV.tif,2019/4/12,0.793616392,188.3036,,,179.8885,,,175.946,,181.8659,
781,20190414T023559_20190414T024729_T51STV.tif,2019/4/14,0.609508656,193.897,,,185.7421,,,178.97,,181.3353,
782,LE07_120035_20190414.tif,2019/4/14,0.559630964,,,,185.8919,,,,,,
783,20190417T024549_20190417T025336_T51STV.tif,2019/4/17,-1.009141558,225.2406,,,232.3656,,,305.6776,,337.1972,
784,20190419T023551_20190419T024441_T51STV.tif,2019/4/19,-1.834811375,,,,,,,,,,
785,20190502T024551_20190502T025639_T51STV.tif,2019/5/2,-0.7287236,212.5378,,,223.961,,344.3802,296.4659,356.386,331.2103,357.995
786,20190507T024559_20190507T025339_T51STV.tif,2019/5/7,-0.814275353,220.0607,,,222.8905,,,280.185,318.3476,318.414,344.0407
787,20190509T023551_20190509T024218_T51STV.tif,2019/5/9,0.2783477,190.5591,,,187.5188,,,187.5769,,179.5383,
788,20190512T024551_20190512T025712_T51STV.tif,2019/5/12,1.1710693,183.037,,,177.2009,,,165.8844,,181.5412,
789,20190519T023551_20190519T024442_T51STV.tif,2019/5/19,-1.241417425,219.8999,,402.5659,222.344,,390.9894,335.4006,386.5457,345.7498,383.1026
790,20190522T024551_20190522T025729_T51STV.tif,2019/5/22,-0.109615067,196.1595,,230.6768,196.766,,221.5154,188.79,223.3296,209.2866,
791,20190603T023559_20190603T024139_T51STV.tif,2019/6/3,-0.932185219,222.0708,,390.1452,231.406,,374.3342,298.9301,376.0019,341.1487,365.9798
792,20190611T024551_20190611T025208_T51STV.tif,2019/6/11,1.37952335,187.0484,,,176.4949,,,169.1669,,178.2398,
793,20190618T023551_20190618T024442_T51STV.tif,2019/6/18,-0.719113875,207.0292,,,207.4937,,,234.7085,,292.908,
794,20190623T023559_20190623T024732_T51STV.tif,2019/6/23,0.876638858,190.2888,,,179.1142,,,168.3604,,178.0334,192.6395
795,20190626T024559_20190626T025133_T51STV.tif,2019/6/26,1.055501011,189.324,,,180.7313,,,170.701,,177.7801,
796,20190701T024551_20190701T024641_T51STV.tif,2019/7/1,-0.316895633,204.3303,,,204.6239,,,224.533,,268.3763,
797,20190703T023559_20190703T024227_T51STV.tif,2019/7/3,-0.683668664,217.4765,,,215.5793,,,268.2464,,307.2121,
798,LE07_120035_20190703.tif,2019/7/3,-0.663891059,,,,,,,,,,
799,20190708T023551_20190708T024111_T51STV.tif,2019/7/8,1.383250725,185.1451,,,178.818,,,174.9824,,181.3353,
800,20190711T024551_20190711T025640_T51STV.tif,2019/7/11,1.2389522,180.763,,,175.1055,,,165.185,,182.9687,
801,LC08_120035_20190711.tif,2019/7/11,1.183311447,,,,,,,181.59,,,
802,20190713T023559_20190713T024733_T51STV.tif,2019/7/13,0.286701264,194.4182,,,183,,,,,197.4835,
803,20190721T024551_20190721T025014_T51STV.tif,2019/7/21,0.301482933,190.557,,,178.2031,,,185.7217,,176.6476,
804,20190726T024559_20190726T025133_T51STV.tif,2019/7/26,1.168629197,188.3222,,,180.0481,,,170.2158,,183.0458,
805,20190807T023551_20190807T023944_T51STV.tif,2019/8/7,1.339594575,,,,,,,,,,
806,20190815T024549_20190815T025048_T51STV.tif,2019/8/15,-0.653226972,210.4643,,,218.3353,,,257.7998,285.3342,294.8459,
807,20190817T023551_20190817T024442_T51STV.tif,2019/8/17,-0.49688485,207.0248,,,208.177,,,213.3085,,240.337,
808,20190820T024551_20190820T025326_T51STV.tif,2019/8/20,0.234260842,193.4835,,,189.2042,,,192.4221,229.3056,185.3736,253.0403
809,20190822T023559_20190822T024730_T51STV.tif,2019/8/22,0.887460794,189.4752,,,188.817,,,183.7807,,183.9878,
810,LC08_120035_20190828.tif,2019/8/28,-0.054281833,,,,,,,205.6089,,236.797,
811,20190830T024551_20190830T025734_T51STV.tif,2019/8/30,-0.926207867,219.7352,281.307,,234.5339,278.456,,330.2776,,348.8142,371.3158
812,20190901T023549_20190901T024222_T51STV.tif,2019/9/1,-1.035120817,220.3135,,,225.6692,,,269.538,,321.0988,
813,20190904T024549_20190904T025630_T51STV.tif,2019/9/4,0.368261133,194.0312,,,185.9698,,,194.7912,,182.0492,
814,LE07_120035_20190905.tif,2019/9/5,0.976899303,188.3518,,,,,,175.3195,,186.4111,
815,20190906T023551_20190906T024105_T51STV.tif,2019/9/6,1.018769425,185.5073,,,177.6564,,,171.6428,,180.1554,
816,20190909T024551_20190909T025707_T51STV.tif,2019/9/9,0.455357917,190.5661,,,183.8289,,,175.0894,,180.5668,
817,20190911T023549_20190911T024132_T51STV.tif,2019/9/11,-0.287110036,213.3762,,,215.9437,,,217.9394,,,
818,20190914T024549_20190914T025603_T51STV.tif,2019/9/14,-0.90496505,219.7277,,,225.5782,,321.9854,280.3843,,331.5352,375.9941
819,20190919T024551_20190919T025704_T51STV.tif,2019/9/19,-0.056102783,201.1673,,,203.2573,,,201.4131,283.1617,230.6044,
820,20190921T023549_20190921T024435_T51STV.tif,2019/9/21,0.627649581,186.8816,,,190.138,,,181.0905,,181.8428,
821,20190924T024549_20190924T024806_T51STV.tif,2019/9/24,0.696035,188.6182,,,194.5339,,,176.9733,,184.8429,
822,20190926T023551_20190926T024439_T51STV.tif,2019/9/26,-0.154909075,194.609,,,199.0664,,,203.8606,,228.0388,247.2893
823,20190929T024551_20190929T025647_T51STV.tif,2019/9/29,-1.499572475,220.2444,267.05,,,,401.6131,359.8592,410.1469,373.1394,403.5518
824,20191001T023549_20191001T024132_T51STV.tif,2019/10/1,-1.279880886,211.9567,,371.9149,223.5738,,387.9403,273.6553,350.2315,331.3296,367.713
825,20191009T024621_20191009T024931_T51STV.tif,2019/10/9,0.103743225,193.2202,,,,,,,,,
826,20191014T024649_20191014T025704_T51STV.tif,2019/10/14,-1.364084406,227.9995,282.6241,,228.5845,281.6197,358.8319,336.2515,367.7838,347.7526,374.2291
827,LC08_120035_20191015.tif,2019/10/15,-1.342169862,224.0577,289.5154,,,,,352.5209,,362.9089,
828,20191019T024721_20191019T025457_T51STV.tif,2019/10/19,-0.35157085,189.0868,,,197.2442,,221.6712,199.5009,,222.4093,
829,20191021T023729_20191021T024326_T51STV.tif,2019/10/21,0.429784133,191.0256,,,187.1315,,,180.8765,,181.6278,
830,LE07_120035_20191023.tif,2019/10/23,0.466810428,,,,,,,,,,
831,20191024T024749_20191024T025324_T51STV.tif,2019/10/24,0.332476156,194.168,,,190.753,,,182.6248,,183.1651,
832,20191029T024831_20191029T025006_T51STV.tif,2019/10/29,-1.884785781,231.877,274.3363,,,,,385.5437,,401.1787,430.8058
833,20191031T023829_20191031T024235_T51STV.tif,2019/10/31,-1.169761528,,,351.8039,230.9762,,353.5259,285.7822,364.3767,339.2325,361.3062
834,LC08_120035_20191031.tif,2019/10/31,-1.147519366,192.2936,,356.5854,212.5879,,342.4944,235.2722,,310.6302,
835,20191103T024849_20191103T025524_T51STV.tif,2019/11/3,0.083282522,201.7209,,,,,,,,192.8649,
836,20191105T023901_20191105T024548_T51STV.tif,2019/11/5,0.386878228,205.4866,,,198.383,,,198.9371,,192.0099,
837,20191108T024921_20191108T025453_T51STV.tif,2019/11/8,-0.25081545,204.1348,,,212.9601,,,213.8221,,236.7103,
838,LE07_120035_20191108.tif,2019/11/8,-0.442931792,197.3103,,,211.9351,,,218.8814,,,
839,20191110T023929_20191110T023923_T51STV.tif,2019/11/10,-1.104767803,235.3046,294.5323,451.9544,240.7473,281.8725,414.9594,343.4456,413.0253,350.524,412.6154
840,20191115T023951_20191115T023950_T51STV.tif,2019/11/15,-1.591603367,222.1528,,403.5002,229.5868,289.0334,403.3537,325.2865,380.1734,341.3543,394.1224
841,LC08_120035_20191116.tif,2019/11/16,-1.183702492,206.4711,,,216.0349,,,224.7184,,290.2556,
842,20191118T025011_20191118T025242_T51STV.tif,2019/11/18,-0.318248042,200.5143,,222.753,204.1683,,223.0587,209.298,,226.653,332.8155
843,20191120T024009_20191120T024008_T51STV.tif,2019/11/20,0.476408742,198.1833,,,193.3039,,,191.6943,,183.3706,246.0866
844,20191128T025041_20191128T025543_T51STV.tif,2019/11/28,-2.054739311,231.6416,267.05,444.6873,,,417.293,394.7481,427.7303,400.356,437.9552
845,LC08_120035_20191202.tif,2019/12/2,-0.232981299,,,,,,,194.8512,,213.3774,
846,20191203T025059_20191203T025053_T51STV.tif,2019/12/3,-0.023450794,195.7116,,,201.6174,,,201.7628,,218.4577,
847,20191205T024101_20191205T024057_T51STV.tif,2019/12/5,0.201402217,191.0256,,,187.063,,,187.0918,,179.8306,
848,20191208T025111_20191208T025726_T51STV.tif,2019/12/8,-0.514270481,201.39,,,206.0131,,,205.0452,,238.3018,
849,20191210T024109_20191210T024104_T51STV.tif,2019/12/10,-1.438333475,228.1373,270.7253,,,,369.5255,345.1694,,352.5593,376.8539
850,LE07_120035_20191210.tif,2019/12/10,-1.578642464,,,,,,,361.6216,,,
851,20191218T025121_20191218T025306_T51STV.tif,2019/12/18,0.0752679,191.985,,,197.9959,,,196.0044,,216.0976,246.9759
852,LC08_120035_20191218.tif,2019/12/18,0.191501553,,,,,,,182.1681,,190.7108,
853,20191220T024119_20191220T024116_T51STV.tif,2019/12/20,0.555437086,189.9813,,,181.8245,,,174.7397,,181.66,
854,20191223T025119_20191223T025712_T51STV.tif,2019/12/23,-0.666342567,210.8883,,,214.1898,,,215.6774,,239.3627,326.6008
855,20191228T025121_20191228T025604_T51STV.tif,2019/12/28,-2.02982095,225.9964,273.8034,411.7472,,,400.3831,355,390.8321,357.8871,389.2739
856,20191230T024119_20191230T024555_T51STV.tif,2019/12/30,-1.046461758,207.9413,,,212.8006,,,218.9883,,,323.112
857,LC08_120035_20200103.tif,2020/1/3,0.202821535,196.8832,,,185.3539,,,185.2364,,176.8535,
858,20200104T024111_20200104T024429_T51STV.tif,2020/1/4,0.178793575,196.1144,,,190.138,,,185.315,,182.3962,
859,20200112T025059_20200112T025053_T51STV.tif,2020/1/12,-2.232020128,234.955,269.7238,,,,,382.3681,,390.212,
860,20200114T024041_20200114T024042_T51STV.tif,2020/1/14,-1.215397144,220.5661,,,216.2626,,,242.5935,,312.752,
861,20200117T025031_20200117T025230_T51STV.tif,2020/1/17,0.435064619,192.9644,,,187.1315,,,187.7411,,180.4802,
862,20200119T024019_20200119T024022_T51STV.tif,2020/1/19,0.324129956,196.1144,,,187.7464,,,183.11,,178.9753,207.6331
863,20200124T024001_20200124T024004_T51STV.tif,2020/1/24,-2.127714831,230.6397,278.1494,,,,400.4105,372.5707,410.5014,373.5833,403.8192
864,20200201T024929_20200201T025631_T51STV.tif,2020/2/1,0.201099136,198.2499,,,190.6846,,,191.4803,,181.5735,
865,20200203T023911_20200203T024459_T51STV.tif,2020/2/3,0.270397092,193.4031,,,185.5143,,,178.5074,,,
866,20200208T023849_20200208T023846_T51STV.tif,2020/2/8,-1.927819739,233.5711,270.7988,,,,,377.4692,,392.2474,
867,20200213T023821_20200213T024705_T51STV.tif,2020/2/13,-0.657875542,196.7131,,,205.011,,,198.6945,,227.3025,
868,20200216T024801_20200216T025538_T51STV.tif,2020/2/16,0.570084667,195.8441,,,190.753,,,190.5669,,186.0231,
869,20200218T023749_20200218T023746_T51STV.tif,2020/2/18,-0.0787783,204.4477,,,200.8429,,223.1912,197.1602,,208.7576,
870,LC08_120035_20200220.tif,2020/2/20,-1.177672835,217.3043,,,,,374.9645,342.4543,,346.7688,
871,20200223T023711_20200223T024412_T51STV.tif,2020/2/23,-2.015246431,227.9363,265.5798,453.4021,,,424.6076,385.9216,424.268,388.8263,424.001
872,20200226T024651_20200226T024744_T51STV.tif,2020/2/26,-1.457227875,220.6474,,,228.1291,289.5117,,336.2071,,339.6439,362.5088
873,20200302T024619_20200302T025725_T51STV.tif,2020/3/2,0.473679336,193.433,,,188.8398,,,189.8389,,182.9268,
874,20200304T023601_20200304T024118_T51STV.tif,2020/3/4,0.350412844,191.3127,,,184.4439,,,181.5757,,178.1648,
875,20200312T024549_20200312T024852_T51STV.tif,2020/3/12,-1.588295417,226.7314,,372.9442,224.4393,,381.4575,312.8445,369.0769,339.4382,365.1445
876,20200314T023551_20200314T024435_T51STV.tif,2020/3/14,0.08288605,202.8255,,,204.4643,,,201.3845,,216.8663,
877,LE07_120035_20200315.tif,2020/3/15,0.755108712,,,,,,,191.7227,,177.3954,
878,20200317T024541_20200317T025335_T51STV.tif,2020/3/17,0.631070186,188.6366,,,184.6717,,,181.7114,,180.8049,
879,20200319T023549_20200319T024722_T51STV.tif,2020/3/19,-0.256450969,195.1052,,,193.3039,,,193.6066,,195.6365,
880,20200322T024549_20200322T024852_T51STV.tif,2020/3/22,-1.415858483,240.7857,270.7253,,,,,355.2379,,359.8126,
881,LC08_120035_20200323.tif,2020/3/23,-1.639677185,,,,,,,360.2972,,370.2814,
882,20200324T023551_20200324T024330_T51STV.tif,2020/3/24,-1.6655727,226.9337,264.5047,,,,,355.7232,,369.3936,418.4201
883,20200327T024541_20200327T025729_T51STV.tif,2020/3/27,-1.027414264,212.0899,,,212.6411,,344.0728,255.1923,343.8593,320.2437,348.1762
884,20200401T024549_20200401T025705_T51STV.tif,2020/4/1,0.694209439,191.7262,,,187.3592,,,183.217,,181.3353,214.3757
885,20200403T023541_20200403T023935_T51STV.tif,2020/4/3,0.338362153,193.2675,,,188.5892,,,184.2947,,180.1554,
886,20200411T024539_20200411T025237_T51STV.tif,2020/4/11,-0.648496808,210.7001,,,213.2561,,,217.7753,,,
887,20200413T023551_20200413T024437_T51STV.tif,2020/4/13,0.76585535,190.4743,,,181.665,,,176.488,,179.744,
888,20200418T023549_20200418T024719_T51STV.tif,2020/4/18,-0.183625269,203.1956,,,195.536,,,201.1705,,236.5047,
889,20200421T024539_20200421T025119_T51STV.tif,2020/4/21,-1.152469725,230.3103,268.6578,404.0396,,,380.0482,353.0045,,357.1603,431.9152
890,20200423T023551_20200423T024357_T51STV.tif,2020/4/23,-1.303315225,229.8096,265.6442,,,,,352.3052,,365.1823,
891,LC08_120035_20200424.tif,2020/4/24,-1.148631607,216.367,,,234.8937,298.7089,,330.5656,,342.6534,
892,20200426T024551_20200426T024638_T51STV.tif,2020/4/26,-0.609186158,207.7714,,,204.6239,,,224.0191,,287.8956,
893,20200428T023549_20200428T024442_T51STV.tif,2020/4/28,0.285070292,192.9644,,,193.3723,,,191.5871,,192.746,
894,20200501T024539_20200501T025327_T51STV.tif,2020/5/1,0.928096108,191.0946,,,181.3463,,,176.3811,,184.226,
895,20200506T024551_20200506T025705_T51STV.tif,2020/5/6,-1.239089117,232.9842,272.0667,,,,,339.0613,382.595,359.1631,422.514
896,LC08_120035_20200510.tif,2020/5/10,-0.331806592,201.39,,,198.8386,,,202.8117,,230.9618,
897,20200511T024549_20200511T025329_T51STV.tif,2020/5/11,0.229094703,199.9153,,,194.5339,,,194.7912,,201.5908,232.1472
898,20200513T023551_20200513T024443_T51STV.tif,2020/5/13,1.120454,191.9306,,,182.3484,,,175.5176,,187.1345,
899,20200518T023549_20200518T024724_T51STV.tif,2020/5/18,-0.069273511,199.387,,,186,,,194.0932,,210.2343,248.4919
900,LE07_120035_20200518.tif,2020/5/18,-0.282353523,,,,194.6023,,,196.2305,,,
901,20200521T024549_20200521T025331_T51STV.tif,2020/5/21,-0.913810047,215.0991,,,206.7312,,,261.2684,,322.2465,358.4219
902,20200523T023551_20200523T024332_T51STV.tif,2020/5/23,-0.97351275,209.485,,322.638,211.3429,,347.1055,256.0926,339.399,320.0661,348.8142
903,20200528T023549_20200528T024537_T51STV.tif,2020/5/28,0.777676533,192.5646,,,180.8907,,,175.1122,,182.9405,
904,20200602T023601_20200602T024000_T51STV.tif,2020/6/2,0.347407697,194.4023,,,188.5892,,,182.0904,,182.6021,218.9946
905,LE07_120035_20200603.tif,2020/6/3,-0.501809159,,,,,,,,,,
906,20200607T023549_20200607T024726_T51STV.tif,2020/6/7,-0.688134581,218.6365,,,211.6389,,,241.8966,,287.9966,
907,20200622T023551_20200622T024249_T51STV.tif,2020/6/22,-0.609199725,,,,,,,217.0778,,,
908,20200707T023549_20200707T024726_T51STV.tif,2020/7/7,-0.291049175,205.9383,,,200.1596,,,198.4555,,221.2292,
909,20200710T024549_20200710T025332_T51STV.tif,2020/7/10,0.738370597,189.6289,,,182.4394,,,177.066,,183.2517,202.2148
910,20200715T024551_20200715T025520_T51STV.tif,2020/7/15,0.906410958,184.41,,,178.6587,,,169.6969,,180.9239,195.7153
911,20200720T024549_20200720T025126_T51STV.tif,2020/7/20,-0.490836975,203.7974,,,205.1704,,,213.1939,,266.7217,
912,20200725T024551_20200725T025742_T51STV.tif,2020/7/25,0.694734067,186.8317,,,182.895,,209.5858,177.8476,,183.3252,
913,20200727T023549_20200727T024344_T51STV.tif,2020/7/27,1.436715383,187.0149,,,178.2031,,,167.9504,,181.5412,
914,20200801T023551_20200801T024723_T51STV.tif,2020/8/1,-0.10868725,,,,,,,199.2371,,245.7608,
915,20200819T024549_20200819T025732_T51STV.tif,2020/8/19,-0.765803589,218.1083,,354.2741,215.9437,,359.6665,296.7343,384.1513,310.1863,394.1575
916,20200829T024549_20200829T025352_T51STV.tif,2020/8/29,0.410485747,196.9107,,,188.9764,,,178.3899,,182.4355,219.2344
917,20200903T024551_20200903T025058_T51STV.tif,2020/9/3,-0.894914492,206.1765,,343.2375,216.9868,,332.1103,286.534,367.8706,307.8642,378.1768
918,20200905T023549_20200905T024731_T51STV.tif,2020/9/5,-0.442173422,208.1376,,,202.3233,,228.5327,197.9452,225.7175,209.0052,275.9659
919,20200918T024549_20200918T025730_T51STV.tif,2020/9/18,-1.363445608,233.5538,267.8532,,,,,352.9596,,376.7661,
920,20200920T023551_20200920T024338_T51STV.tif,2020/9/20,-0.8841356,212.6248,,,215.397,,,285.3935,,298.982,
921,20200923T024551_20200923T025123_T51STV.tif,2020/9/23,0.598528542,185.2567,,,183.4417,,,,,184.5508,
922,20200928T024549_20200928T025352_T51STV.tif,2020/9/28,-0.007270078,205.9704,,,201.3895,,,197.8813,,192.5482,
923,20200930T023551_20200930T023909_T51STV.tif,2020/9/30,-0.752647025,223.2274,,,218.6639,,,302.1494,,329.3808,
924,LC08_120035_20201001.tif,2020/10/1,-1.106624675,220.2812,,,227.0586,,,311.6879,,325.9255,
925,20201008T024619_20201008T025417_T51STV.tif,2020/10/8,-0.003768019,197.7469,,,195.1487,,,189.3717,,184.8429,
926,LE07_120035_20201009.tif,2020/10/9,0.546449349,190.7007,,,191.3679,,,184.7506,,189.5632,
927,LC08_120035_20201017.tif,2020/10/17,-1.777035354,224.6549,277.314,,,,,369.9089,,380.7177,
928,20201018T024719_20201018T024722_T51STV.tif,2020/10/18,-1.873586556,236.6962,267.7155,,,,,383.9753,,393.633,426.6469
929,20201023T024751_20201023T024754_T51STV.tif,2020/10/23,0.546799275,191.6964,,,188.817,,,180.8862,,179.744,
930,20201025T023759_20201025T024630_T51STV.tif,2020/10/25,0.57073695,202.022,,,193.3723,,,184.4671,,182.1242,
931,LE07_120035_20201025.tif,2020/10/25,0.43592526,,,,193.5533,,,185.581,,178.343,
932,20201028T024829_20201028T025626_T51STV.tif,2020/10/28,-0.387845689,217.5323,,,214.6454,,,207.8105,,265.9621,324.423
933,20201030T023831_20201030T023833_T51STV.tif,2020/10/30,-1.150843194,238.1618,273.9127,,,,,346.731,,369.8375,423.8885
934,20201102T024851_20201102T025647_T51STV.tif,2020/11/2,-1.690173158,234.0812,271.4366,380.3549,,,,357.019,,375.7052,
935,20201104T023859_20201104T024151_T51STV.tif,2020/11/4,-1.213620364,235.2625,,,235.8276,,,314.1521,,335.7249,
936,20201107T024919_20201107T025722_T51STV.tif,2020/11/7,-0.198166886,210.513,,,200.2278,,,197.2513,,192.5402,242.8854
937,20201109T023931_20201109T024539_T51STV.tif,2020/11/9,0.322697436,202.3469,,,192.7573,,,181.9708,,180.9239,
938,LE07_120035_20201110.tif,2020/11/10,0.138893898,,,,,,,175.0652,,173.8632,
939,20201112T024951_20201112T024945_T51STV.tif,2020/11/12,-0.265410917,,,,200.5469,,,,195.9566,,
940,20201114T023949_20201114T023947_T51STV.tif,2020/11/14,-1.547193831,237.4135,261.9859,403.0883,,,402.2894,378.9508,,381.9938,
941,20201124T024029_20201124T024027_T51STV.tif,2020/11/24,0.241676242,200.8751,,,196.3787,,,184.4352,,183.7568,
942,20201127T025039_20201127T025034_T51STV.tif,2020/11/27,-0.8130127,221.8689,,,215.7843,,,288.4003,,305.5262,
943,20201129T024051_20201129T024045_T51STV.tif,2020/11/29,-1.593263383,238.3438,269.576,,,,,376.4228,,382.6974,
944,20201204T024059_20201204T024057_T51STV.tif,2020/12/4,-1.265961186,227.4902,,,231.3635,,,306.3284,,312.9541,
945,LC08_120035_20201204.tif,2020/12/4,-1.221845281,208.613,,,214.486,,,278.7181,,300.5614,
946,20201207T025109_20201207T025108_T51STV.tif,2020/12/7,0.02916205,202.1599,,,197.2214,,,195.6883,,183.1392,
947,20201212T025121_20201212T025115_T51STV.tif,2020/12/12,-0.725209483,206.7869,,,207.7898,,,203.2088,,258.2462,318.4528
948,LE07_120035_20201212.tif,2020/12/12,-1.280812816,,,,,,,,,,
949,20201214T024119_20201214T024624_T51STV.tif,2020/12/14,-2.044651494,,,,,,,,,415.0934,436.6948
950,20201217T025119_20201217T025120_T51STV.tif,2020/12/17,-1.946538042,231.1081,264.4175,,,,,369.4444,,377.7561,
951,20201219T024121_20201219T024120_T51STV.tif,2020/12/19,-0.613551833,208.2537,,,203.7812,,,214.9403,,264.5091,
952,LC08_120035_20201220.tif,2020/12/20,-0.068725116,203.3807,,,203.8495,,,189.1884,,183.8429,
953,20201222T025131_20201222T025126_T51STV.tif,2020/12/22,0.265919161,195.2194,,,186.7443,,,178.2703,,179.3704,
954,20201224T024119_20201224T024528_T51STV.tif,2020/12/24,-0.022104133,199.7283,,,189.5231,,,181.6677,,181.2235,
955,20201227T025119_20201227T025122_T51STV.tif,2020/12/27,-1.106214333,218.9992,,326.7303,215.8754,,350.8579,290.745,355.5555,303.3292,369.8592
956,20210101T025121_20210101T025530_T51STV.tif,2021/1/1,-1.917079533,228.4037,258.2546,,,,,358.3428,,372.1344,
957,LC08_120035_20210105.tif,2021/1/5,0.138900135,197.8676,,,199.3851,,220.4794,189.4595,,175.6018,
958,20210106T025109_20210106T025110_T51STV.tif,2021/1/6,0.398424,199.4428,,,194.0782,,,187.1148,,183.0531,
959,20210108T024101_20210108T024715_T51STV.tif,2021/1/8,0.334725339,203.42,,,197.5405,,,190.3925,211.2544,176.1335,219.4455
960,20210111T025101_20210111T025100_T51STV.tif,2021/1/11,-1.371496789,239.7698,262.8423,,,,,356.8993,,367.2789,
961,20210113T024049_20210113T024048_T51STV.tif,2021/1/13,-2.358083508,241.2399,264.9884,464.8289,,,447.2258,407.558,440.4052,415.7475,437.6666
962,LE07_120035_20210113.tif,2021/1/13,-2.268183288,,,,,,458.6613,377.2361,,,
963,20210118T024031_20210118T024029_T51STV.tif,2021/1/18,-0.434022542,201.9532,,226.1985,199.613,,218.6054,193.854,,221.2791,258.0911
964,20210128T023951_20210128T023950_T51STV.tif,2021/1/28,-1.987678342,239.4219,267.4299,,,,406.6089,391.6154,417.9443,399.9458,424.8454
965,LE07_120035_20210129.tif,2021/1/29,-1.886775397,,,,,,,400.2014,,409.3596,
966,20210131T024941_20210131T024937_T51STV.tif,2021/1/31,-1.776328903,225.1569,,357.6469,249.7668,290.2086,367.3682,331.1615,367.1476,339.5302,377.065
967,20210202T023919_20210202T023922_T51STV.tif,2021/2/2,-0.4785208,217.9999,,,210.3407,,,203.3283,,254.9467,294.9584
968,LC08_120035_20210206.tif,2021/2/6,0.362986601,184.4346,,,190.0695,,,179.5942,,172.1302,
969,20210207T023851_20210207T024552_T51STV.tif,2021/2/7,-0.0963662,193.5655,,,185.2865,,,177.2176,,173.4282,
970,20210210T024841_20210210T024839_T51STV.tif,2021/2/10,-1.876404692,233.3281,258.7567,414.8168,,,400.7519,381.4472,415.5153,386.3176,418.1744
971,20210215T024809_20210215T024807_T51STV.tif,2021/2/15,-1.232550475,219.073,,,208.6325,,,,,,
972,20210217T023751_20210217T023750_T51STV.tif,2021/2/17,-0.161479683,208.2537,,,201.0023,,,192.889,280.5014,236.6977,283.3498
973,20210220T024731_20210220T024734_T51STV.tif,2021/2/20,0.335456264,190.4497,,,184.125,,,175.5029,,175.8129,
974,20210222T023719_20210222T024545_T51STV.tif,2021/2/22,-0.128018653,200.8407,,,190.9807,,,179.8654,,176.4539,
975,LC08_120035_20210222.tif,2021/2/22,-0.134568211,201.4117,,,194.8419,,,186.4529,,177.1344,
976,20210227T023641_20210227T023642_T51STV.tif,2021/2/27,-2.157779206,235.4792,267.7155,409.7356,,,399.7856,368.3915,411.7168,372.2204,
977,20210302T024631_20210302T024715_T51STV.tif,2021/3/2,-1.334149617,221.7951,280.6808,379.9839,249.5254,291.6641,378.169,339.2256,378.186,349.1786,377.4872
978,20210309T023551_20210309T024152_T51STV.tif,2021/3/9,-0.5221453,210.7985,,,202.0728,,,220.035,,262.6527,
979,LC08_120035_20210310.tif,2021/3/10,-1.107159485,224.3884,280.3547,,,,,357.1706,,359.5128,
980,20210312T024551_20210312T025729_T51STV.tif,2021/3/12,-1.854692075,229.6413,259.4065,,,,,385.2222,,380.61,
981,20210314T023549_20210314T024728_T51STV.tif,2021/3/14,-1.805276878,231.5757,269.2906,,,,,367.3759,,365.8091,
982,20210317T024549_20210317T024545_T51STV.tif,2021/3/17,-0.695493014,214.4509,,,210.7962,,,210.5897,,256.3306,
983,LE07_120035_20210318.tif,2021/3/18,0.291462334,190.7746,,,190.9124,,,186.7707,,,
984,20210322T024551_20210322T025728_T51STV.tif,2021/3/22,0.4748925,192.4581,,,185.446,,,176.2455,,177.1969,235.7923
985,20210324T023549_20210324T024416_T51STV.tif,2021/3/24,-0.156924175,204.6703,,223.8555,188.2932,,,183.6737,272.118,178.8388,248.3672
986,LC08_120035_20210326.tif,2021/3/26,-1.181741563,226.9337,280.3547,,,,,354.0248,412.9165,352.5841,
987,20210406T024549_20210406T025346_T51STV.tif,2021/4/6,0.501982822,197.0407,,,190.9124,,,178.5074,,178.2837,211.9391
988,20210408T023541_20210408T024720_T51STV.tif,2021/4/8,-0.618516153,216.0261,,,218.1221,,,287.8125,,306.8868,369.7254
989,20210411T024541_20210411T025724_T51STV.tif,2021/4/11,-1.458205375,227.3141,260.4796,379.9839,,,379.2965,358.1421,409.1657,358.8034,406.4089
990,LC08_120035_20210411.tif,2021/4/11,-1.47120204,227.6687,285.3072,,,,,358.6897,424.6781,355.6803,
991,20210413T023549_20210413T024642_T51STV.tif,2021/4/13,-1.232995694,224.9502,,364.5382,237.7044,,354.2678,307.6782,390.1733,320.4289,372.4277
992,20210416T024539_20210416T024541_T51STV.tif,2021/4/16,-0.24830825,209.7599,,226.6016,196.5017,,218.4452,189.8105,256.0503,181.2736,301.305
993,20210418T023541_20210418T024719_T51STV.tif,2021/4/18,0.492011106,191.9904,,,181.9476,,,175.5462,262.5183,169.1044,231.5952
